Energy;Month;Day;Hour
0,363;1;1;1
0,386;1;1;2
0,779;1;1;3
0,983;1;1;4
0,61;1;1;5
0,365;1;1;6
0,34;1;1;7
0,363;1;1;8
0,312;1;1;9
0,352;1;1;10
0,314;1;1;11
0,428;1;1;12
0,791;1;1;13
1,924;1;1;14
1,809;1;1;15
0,529;1;1;16
1,114;1;1;17
0,973;1;1;18
1,014;1;1;19
0,666;1;1;20
1,33;1;1;21
1,95;1;1;22
0,77;1;1;23
0,795;1;1;24
0,732;1;2;1
0,401;1;2;2
0,369;1;2;3
0,357;1;2;4
0,435;1;2;5
0,359;1;2;6
0,955;1;2;7
0,411;1;2;8
0,371;1;2;9
0,619;1;2;10
0,561;1;2;11
0,508;1;2;12
0,439;1;2;13
1,263;1;2;14
0,923;1;2;15
0,454;1;2;16
0,518;1;2;17
1,112;1;2;18
1,214;1;2;19
0,569;1;2;20
0,697;1;2;21
2,274;1;2;22
0,68;1;2;23
0,561;1;2;24
0,619;1;3;1
0,467;1;3;2
0,453;1;3;3
0,371;1;3;4
0,367;1;3;5
0,36;1;3;6
0,467;1;3;7
0,561;1;3;8
0,361;1;3;9
0,332;1;3;10
0,532;1;3;11
0,441;1;3;12
0,394;1;3;13
0,452;1;3;14
2,729;1;3;15
2,704;1;3;16
2,773;1;3;17
3,108;1;3;18
1,513;1;3;19
0,866;1;3;20
0,937;1;3;21
1,182;1;3;22
0,867;1;3;23
0,634;1;3;24
0,507;1;4;1
0,431;1;4;2
2,599;1;4;3
2,61;1;4;4
2,621;1;4;5
2,528;1;4;6
1,607;1;4;7
0,554;1;4;8
0,35;1;4;9
0,355;1;4;10
0,332;1;4;11
0,359;1;4;12
0,287;1;4;13
0,32;1;4;14
0,549;1;4;15
1,093;1;4;16
0,472;1;4;17
0,403;1;4;18
0,473;1;4;19
0,736;1;4;20
2,239;1;4;21
2,477;1;4;22
1,066;1;4;23
1,028;1;4;24
1,204;1;5;1
2,064;1;5;2
2,586;1;5;3
2,522;1;5;4
2,414;1;5;5
0,671;1;5;6
1,423;1;5;7
0,404;1;5;8
0,527;1;5;9
0,559;1;5;10
0,474;1;5;11
0,35;1;5;12
0,414;1;5;13
0,338;1;5;14
1,123;1;5;15
0,999;1;5;16
0,436;1;5;17
0,571;1;5;18
0,68;1;5;19
0,723;1;5;20
0,628;1;5;21
0,735;1;5;22
1,827;1;5;23
1,399;1;5;24
0,735;1;6;1
2,184;1;6;2
2,673;1;6;3
2,568;1;6;4
2,453;1;6;5
0,918;1;6;6
1,512;1;6;7
0,386;1;6;8
0,319;1;6;9
0,433;1;6;10
0,568;1;6;11
0,452;1;6;12
0,269;1;6;13
0,263;1;6;14
0,33;1;6;15
0,285;1;6;16
0,3;1;6;17
0,411;1;6;18
0,553;1;6;19
0,666;1;6;20
0,656;1;6;21
1,092;1;6;22
0,792;1;6;23
0,515;1;6;24
0,509;1;7;1
1,848;1;7;2
2,686;1;7;3
2,678;1;7;4
2,575;1;7;5
1,107;1;7;6
0,377;1;7;7
0,366;1;7;8
0,329;1;7;9
0,338;1;7;10
0,577;1;7;11
1,159;1;7;12
0,912;1;7;13
0,761;1;7;14
0,69;1;7;15
1,058;1;7;16
0,631;1;7;17
1,887;1;7;18
0,942;1;7;19
0,721;1;7;20
1,978;1;7;21
0,913;1;7;22
0,635;1;7;23
0,677;1;7;24
0,503;1;8;1
2,031;1;8;2
2,649;1;8;3
2,618;1;8;4
2,565;1;8;5
0,867;1;8;6
0,347;1;8;7
0,339;1;8;8
0,301;1;8;9
0,381;1;8;10
0,81;1;8;11
1,059;1;8;12
1,544;1;8;13
1,278;1;8;14
2,353;1;8;15
0,967;1;8;16
1,698;1;8;17
1,42;1;8;18
0,601;1;8;19
0,763;1;8;20
0,804;1;8;21
0,925;1;8;22
1,503;1;8;23
0,713;1;8;24
0,449;1;9;1
0,455;1;9;2
0,402;1;9;3
0,436;1;9;4
0,371;1;9;5
0,328;1;9;6
0,509;1;9;7
0,396;1;9;8
0,371;1;9;9
0,342;1;9;10
0,368;1;9;11
0,407;1;9;12
0,352;1;9;13
0,506;1;9;14
0,545;1;9;15
0,603;1;9;16
0,473;1;9;17
1,112;1;9;18
1,017;1;9;19
0,547;1;9;20
0,482;1;9;21
1,149;1;9;22
0,667;1;9;23
0,65;1;9;24
0,658;1;10;1
0,446;1;10;2
0,445;1;10;3
0,438;1;10;4
0,529;1;10;5
0,423;1;10;6
0,459;1;10;7
0,422;1;10;8
0,32;1;10;9
0,364;1;10;10
0,252;1;10;11
0,279;1;10;12
0,485;1;10;13
1,469;1;10;14
0,428;1;10;15
0,486;1;10;16
0,4;1;10;17
0,319;1;10;18
0,541;1;10;19
0,769;1;10;20
2,22;1;10;21
1,449;1;10;22
1,279;1;10;23
1,238;1;10;24
0,595;1;11;1
0,456;1;11;2
0,516;1;11;3
0,374;1;11;4
0,394;1;11;5
0,319;1;11;6
0,442;1;11;7
0,341;1;11;8
0,34;1;11;9
0,573;1;11;10
0,434;1;11;11
0,52;1;11;12
0,587;1;11;13
2,003;1;11;14
1,268;1;11;15
0,443;1;11;16
0,373;1;11;17
0,405;1;11;18
0,866;1;11;19
0,666;1;11;20
1,168;1;11;21
2,145;1;11;22
1,382;1;11;23
1,106;1;11;24
1,124;1;12;1
0,7;1;12;2
0,458;1;12;3
0,457;1;12;4
1,069;1;12;5
0,558;1;12;6
0,572;1;12;7
1,0;1;12;8
1,159;1;12;9
0,479;1;12;10
0,385;1;12;11
0,323;1;12;12
0,338;1;12;13
0,882;1;12;14
0,937;1;12;15
0,501;1;12;16
0,315;1;12;17
0,795;1;12;18
2,87;1;12;19
4,741;1;12;20
3,452;1;12;21
3,405;1;12;22
0,0;1;12;23
0,0;1;12;24
0,0;1;13;1
3,67;1;13;2
3,301;1;13;3
2,918;1;13;4
2,755;1;13;5
2,701;1;13;6
2,524;1;13;7
2,022;1;13;8
1,994;1;13;9
1,947;1;13;10
2,49;1;13;11
2,683;1;13;12
2,439;1;13;13
2,218;1;13;14
2,737;1;13;15
2,717;1;13;16
1,849;1;13;17
0,715;1;13;18
0,718;1;13;19
1,306;1;13;20
1,384;1;13;21
1,786;1;13;22
1,484;1;13;23
1,089;1;13;24
1,175;1;14;1
1,052;1;14;2
0,942;1;14;3
0,792;1;14;4
0,839;1;14;5
0,841;1;14;6
0,82;1;14;7
0,707;1;14;8
0,64;1;14;9
0,882;1;14;10
1,711;1;14;11
1,833;1;14;12
0,488;1;14;13
0,408;1;14;14
0,447;1;14;15
0,422;1;14;16
0,355;1;14;17
0,429;1;14;18
0,399;1;14;19
0,577;1;14;20
1,027;1;14;21
2,119;1;14;22
1,097;1;14;23
0,553;1;14;24
0,584;1;15;1
0,543;1;15;2
0,482;1;15;3
0,347;1;15;4
0,338;1;15;5
0,332;1;15;6
0,282;1;15;7
0,321;1;15;8
0,267;1;15;9
0,667;1;15;10
0,395;1;15;11
0,426;1;15;12
1,382;1;15;13
1,131;1;15;14
1,319;1;15;15
1,1;1;15;16
1,305;1;15;17
1,231;1;15;18
1,312;1;15;19
1,29;1;15;20
1,948;1;15;21
1,23;1;15;22
0,822;1;15;23
0,65;1;15;24
0,587;1;16;1
0,396;1;16;2
0,364;1;16;3
0,395;1;16;4
0,369;1;16;5
0,432;1;16;6
0,522;1;16;7
0,539;1;16;8
0,36;1;16;9
0,317;1;16;10
0,309;1;16;11
0,422;1;16;12
0,366;1;16;13
0,461;1;16;14
1,147;1;16;15
1,554;1;16;16
0,494;1;16;17
0,529;1;16;18
0,573;1;16;19
0,494;1;16;20
0,494;1;16;21
1,4;1;16;22
1,095;1;16;23
0,756;1;16;24
1,003;1;17;1
2,053;1;17;2
2,544;1;17;3
2,486;1;17;4
2,495;1;17;5
1,353;1;17;6
0,703;1;17;7
0,414;1;17;8
0,312;1;17;9
0,28;1;17;10
0,332;1;17;11
0,34;1;17;12
0,377;1;17;13
0,439;1;17;14
0,309;1;17;15
0,375;1;17;16
0,458;1;17;17
0,415;1;17;18
0,571;1;17;19
0,616;1;17;20
0,613;1;17;21
1,44;1;17;22
1,256;1;17;23
0,651;1;17;24
0,468;1;18;1
2,006;1;18;2
2,61;1;18;3
2,647;1;18;4
2,469;1;18;5
2,181;1;18;6
0,491;1;18;7
0,366;1;18;8
0,326;1;18;9
0,292;1;18;10
0,31;1;18;11
0,398;1;18;12
0,32;1;18;13
0,324;1;18;14
0,412;1;18;15
1,093;1;18;16
1,074;1;18;17
0,813;1;18;18
0,82;1;18;19
0,618;1;18;20
0,936;1;18;21
2,01;1;18;22
1,152;1;18;23
1,091;1;18;24
0,727;1;19;1
2,273;1;19;2
2,598;1;19;3
2,583;1;19;4
2,527;1;19;5
1,28;1;19;6
1,6;1;19;7
0,531;1;19;8
0,516;1;19;9
0,563;1;19;10
1,63;1;19;11
1,38;1;19;12
0,816;1;19;13
0,835;1;19;14
0,438;1;19;15
1,573;1;19;16
0,609;1;19;17
0,976;1;19;18
0,946;1;19;19
0,963;1;19;20
0,887;1;19;21
1,526;1;19;22
1,05;1;19;23
0,466;1;19;24
0,272;1;20;1
1,891;1;20;2
2,514;1;20;3
2,457;1;20;4
2,494;1;20;5
0,493;1;20;6
1,18;1;20;7
0,51;1;20;8
0,517;1;20;9
0,32;1;20;10
0,481;1;20;11
0,294;1;20;12
0,57;1;20;13
1,353;1;20;14
1,286;1;20;15
0,466;1;20;16
0,62;1;20;17
1,081;1;20;18
1,023;1;20;19
0,688;1;20;20
0,613;1;20;21
0,83;1;20;22
0,719;1;20;23
0,71;1;20;24
0,594;1;21;1
2,002;1;21;2
2,562;1;21;3
2,573;1;21;4
2,459;1;21;5
0,572;1;21;6
0,341;1;21;7
0,802;1;21;8
0,558;1;21;9
0,438;1;21;10
0,346;1;21;11
0,353;1;21;12
0,534;1;21;13
1,694;1;21;14
0,932;1;21;15
1,523;1;21;16
1,041;1;21;17
0,546;1;21;18
0,863;1;21;19
1,095;1;21;20
1,499;1;21;21
1,817;1;21;22
1,054;1;21;23
0,826;1;21;24
0,696;1;22;1
1,971;1;22;2
2,473;1;22;3
2,493;1;22;4
2,301;1;22;5
0,977;1;22;6
0,342;1;22;7
0,347;1;22;8
0,384;1;22;9
1,282;1;22;10
0,493;1;22;11
0,355;1;22;12
0,683;1;22;13
0,525;1;22;14
1,422;1;22;15
0,92;1;22;16
1,157;1;22;17
0,737;1;22;18
0,621;1;22;19
1,1;1;22;20
1,56;1;22;21
1,313;1;22;22
0,938;1;22;23
0,941;1;22;24
0,989;1;23;1
1,513;1;23;2
1,544;1;23;3
0,875;1;23;4
0,336;1;23;5
0,887;1;23;6
1,463;1;23;7
0,464;1;23;8
0,334;1;23;9
0,354;1;23;10
0,37;1;23;11
0,394;1;23;12
0,374;1;23;13
0,35;1;23;14
0,424;1;23;15
0,95;1;23;16
0,449;1;23;17
0,597;1;23;18
0,906;1;23;19
0,646;1;23;20
0,513;1;23;21
1,524;1;23;22
0,671;1;23;23
0,797;1;23;24
0,666;1;24;1
2,123;1;24;2
2,531;1;24;3
2,54;1;24;4
2,478;1;24;5
1,248;1;24;6
1,168;1;24;7
0,345;1;24;8
0,324;1;24;9
0,34;1;24;10
0,397;1;24;11
0,391;1;24;12
1,072;1;24;13
0,847;1;24;14
0,759;1;24;15
1,105;1;24;16
0,524;1;24;17
0,41;1;24;18
0,619;1;24;19
0,631;1;24;20
0,924;1;24;21
2,252;1;24;22
1,715;1;24;23
0,811;1;24;24
1,126;1;25;1
2,008;1;25;2
2,622;1;25;3
2,578;1;25;4
2,276;1;25;5
1,873;1;25;6
1,61;1;25;7
0,349;1;25;8
0,375;1;25;9
0,378;1;25;10
0,395;1;25;11
0,347;1;25;12
0,445;1;25;13
0,566;1;25;14
0,604;1;25;15
0,506;1;25;16
0,429;1;25;17
0,521;1;25;18
0,479;1;25;19
0,569;1;25;20
0,599;1;25;21
1,114;1;25;22
1,74;1;25;23
1,332;1;25;24
1,017;1;26;1
2,071;1;26;2
2,656;1;26;3
2,611;1;26;4
2,386;1;26;5
1,502;1;26;6
1,261;1;26;7
0,42;1;26;8
0,309;1;26;9
0,354;1;26;10
0,38;1;26;11
0,357;1;26;12
0,433;1;26;13
0,452;1;26;14
0,547;1;26;15
1,388;1;26;16
0,589;1;26;17
0,483;1;26;18
0,572;1;26;19
0,53;1;26;20
0,539;1;26;21
1,364;1;26;22
0,809;1;26;23
0,691;1;26;24
0,534;1;27;1
1,99;1;27;2
2,669;1;27;3
2,601;1;27;4
2,437;1;27;5
2,743;1;27;6
1,618;1;27;7
0,637;1;27;8
0,791;1;27;9
1,371;1;27;10
0,482;1;27;11
0,385;1;27;12
0,396;1;27;13
0,37;1;27;14
0,471;1;27;15
0,45;1;27;16
0,505;1;27;17
0,375;1;27;18
0,36;1;27;19
0,432;1;27;20
0,664;1;27;21
1,602;1;27;22
1,356;1;27;23
1,275;1;27;24
1,011;1;28;1
1,995;1;28;2
2,489;1;28;3
2,54;1;28;4
2,317;1;28;5
0,95;1;28;6
0,32;1;28;7
0,383;1;28;8
0,525;1;28;9
0,869;1;28;10
0,935;1;28;11
0,889;1;28;12
0,887;1;28;13
0,711;1;28;14
0,307;1;28;15
0,296;1;28;16
0,326;1;28;17
0,365;1;28;18
0,32;1;28;19
0,368;1;28;20
0,535;1;28;21
1,199;1;28;22
0,825;1;28;23
0,655;1;28;24
0,657;1;29;1
1,994;1;29;2
2,486;1;29;3
2,586;1;29;4
2,434;1;29;5
1,013;1;29;6
0,376;1;29;7
0,387;1;29;8
0,365;1;29;9
1,33;1;29;10
0,77;1;29;11
0,917;1;29;12
1,116;1;29;13
1,311;1;29;14
0,469;1;29;15
1,035;1;29;16
1,123;1;29;17
0,617;1;29;18
0,572;1;29;19
0,58;1;29;20
1,863;1;29;21
2,313;1;29;22
1,807;1;29;23
1,622;1;29;24
0,67;1;30;1
1,997;1;30;2
2,521;1;30;3
2,617;1;30;4
2,114;1;30;5
1,777;1;30;6
1,252;1;30;7
0,491;1;30;8
1,019;1;30;9
0,947;1;30;10
0,381;1;30;11
0,336;1;30;12
0,364;1;30;13
0,272;1;30;14
0,618;1;30;15
0,581;1;30;16
0,252;1;30;17
0,338;1;30;18
0,465;1;30;19
1,06;1;30;20
1,329;1;30;21
1,448;1;30;22
0,631;1;30;23
0,636;1;30;24
0,518;1;31;1
1,993;1;31;2
2,6;1;31;3
2,552;1;31;4
2,399;1;31;5
2,131;1;31;6
1,002;1;31;7
0,703;1;31;8
0,727;1;31;9
0,475;1;31;10
0,451;1;31;11
0,43;1;31;12
0,408;1;31;13
0,395;1;31;14
0,5;1;31;15
0,491;1;31;16
0,435;1;31;17
0,508;1;31;18
0,426;1;31;19
0,528;1;31;20
0,642;1;31;21
1,719;1;31;22
0,809;1;31;23
0,743;1;31;24
0,682;2;1;1
2,095;2;1;2
2,668;2;1;3
2,578;2;1;4
2,453;2;1;5
1,207;2;1;6
1,861;2;1;7
0,524;2;1;8
1,235;2;1;9
0,79;2;1;10
1,096;2;1;11
0,621;2;1;12
0,59;2;1;13
1,323;2;1;14
0,874;2;1;15
0,433;2;1;16
0,499;2;1;17
0,484;2;1;18
0,572;2;1;19
0,691;2;1;20
0,569;2;1;21
1,22;2;1;22
0,582;2;1;23
0,607;2;1;24
0,426;2;2;1
2,005;2;2;2
2,53;2;2;3
2,474;2;2;4
2,343;2;2;5
0,707;2;2;6
1,822;2;2;7
1,485;2;2;8
1,164;2;2;9
1,279;2;2;10
0,794;2;2;11
0,736;2;2;12
0,884;2;2;13
1,876;2;2;14
1,041;2;2;15
0,427;2;2;16
0,359;2;2;17
0,371;2;2;18
0,469;2;2;19
0,598;2;2;20
0,619;2;2;21
0,721;2;2;22
1,903;2;2;23
0,712;2;2;24
0,465;2;3;1
2,046;2;3;2
2,569;2;3;3
2,506;2;3;4
2,425;2;3;5
0,905;2;3;6
1,156;2;3;7
0,312;2;3;8
0,972;2;3;9
0,635;2;3;10
0,763;2;3;11
0,376;2;3;12
0,322;2;3;13
0,379;2;3;14
0,283;2;3;15
0,319;2;3;16
0,49;2;3;17
0,404;2;3;18
0,396;2;3;19
0,445;2;3;20
0,413;2;3;21
1,396;2;3;22
1,322;2;3;23
0,697;2;3;24
0,612;2;4;1
2,009;2;4;2
2,539;2;4;3
2,571;2;4;4
2,502;2;4;5
0,688;2;4;6
0,326;2;4;7
0,291;2;4;8
0,493;2;4;9
0,443;2;4;10
0,854;2;4;11
0,745;2;4;12
0,3;2;4;13
1,109;2;4;14
0,54;2;4;15
0,914;2;4;16
1,024;2;4;17
0,358;2;4;18
0,514;2;4;19
0,733;2;4;20
0,703;2;4;21
0,975;2;4;22
0,713;2;4;23
0,604;2;4;24
0,611;2;5;1
2,165;2;5;2
2,718;2;5;3
2,647;2;5;4
2,562;2;5;5
0,524;2;5;6
0,354;2;5;7
0,291;2;5;8
0,43;2;5;9
0,38;2;5;10
1,222;2;5;11
0,854;2;5;12
0,536;2;5;13
2,012;2;5;14
2,11;2;5;15
0,457;2;5;16
0,46;2;5;17
0,5;2;5;18
0,528;2;5;19
0,664;2;5;20
0,592;2;5;21
0,958;2;5;22
1,26;2;5;23
0,969;2;5;24
0,871;2;6;1
0,341;2;6;2
0,452;2;6;3
0,396;2;6;4
0,38;2;6;5
0,463;2;6;6
0,993;2;6;7
0,335;2;6;8
0,305;2;6;9
0,357;2;6;10
0,411;2;6;11
0,28;2;6;12
0,391;2;6;13
0,381;2;6;14
0,524;2;6;15
0,362;2;6;16
0,458;2;6;17
0,373;2;6;18
0,436;2;6;19
0,498;2;6;20
0,885;2;6;21
1,311;2;6;22
1,134;2;6;23
0,559;2;6;24
0,458;2;7;1
2,107;2;7;2
2,494;2;7;3
2,558;2;7;4
2,307;2;7;5
1,06;2;7;6
1,902;2;7;7
0,342;2;7;8
0,338;2;7;9
0,443;2;7;10
0,429;2;7;11
0,393;2;7;12
0,307;2;7;13
0,319;2;7;14
0,414;2;7;15
0,532;2;7;16
0,417;2;7;17
0,424;2;7;18
0,483;2;7;19
0,463;2;7;20
0,679;2;7;21
1,305;2;7;22
0,751;2;7;23
1,138;2;7;24
0,658;2;8;1
2,503;2;8;2
2,61;2;8;3
2,6;2;8;4
2,244;2;8;5
1,204;2;8;6
1,0;2;8;7
0,352;2;8;8
0,32;2;8;9
0,313;2;8;10
0,355;2;8;11
0,337;2;8;12
0,341;2;8;13
0,336;2;8;14
1,003;2;8;15
0,382;2;8;16
0,397;2;8;17
0,31;2;8;18
0,482;2;8;19
0,564;2;8;20
0,581;2;8;21
1,261;2;8;22
1,044;2;8;23
0,55;2;8;24
0,443;2;9;1
2,078;2;9;2
2,53;2;9;3
2,639;2;9;4
2,467;2;9;5
1,116;2;9;6
1,027;2;9;7
0,972;2;9;8
0,976;2;9;9
0,325;2;9;10
0,371;2;9;11
0,311;2;9;12
0,333;2;9;13
0,389;2;9;14
0,837;2;9;15
0,426;2;9;16
0,355;2;9;17
0,558;2;9;18
0,474;2;9;19
0,592;2;9;20
0,617;2;9;21
1,15;2;9;22
0,823;2;9;23
0,537;2;9;24
0,566;2;10;1
1,969;2;10;2
2,61;2;10;3
2,617;2;10;4
2,461;2;10;5
0,872;2;10;6
1,788;2;10;7
1,842;2;10;8
0,687;2;10;9
0,688;2;10;10
0,292;2;10;11
0,353;2;10;12
0,297;2;10;13
0,386;2;10;14
0,44;2;10;15
0,467;2;10;16
0,512;2;10;17
0,503;2;10;18
0,489;2;10;19
0,547;2;10;20
0,609;2;10;21
1,781;2;10;22
0,909;2;10;23
0,67;2;10;24
0,608;2;11;1
2,066;2;11;2
2,724;2;11;3
2,659;2;11;4
2,404;2;11;5
0,651;2;11;6
0,33;2;11;7
1,257;2;11;8
1,013;2;11;9
1,249;2;11;10
0,717;2;11;11
0,566;2;11;12
0,391;2;11;13
0,966;2;11;14
0,947;2;11;15
0,623;2;11;16
0,516;2;11;17
0,504;2;11;18
0,499;2;11;19
0,687;2;11;20
1,787;2;11;21
0,672;2;11;22
0,724;2;11;23
0,655;2;11;24
1,147;2;12;1
2,3;2;12;2
3,14;2;12;3
2,488;2;12;4
2,477;2;12;5
0,755;2;12;6
0,356;2;12;7
0,322;2;12;8
0,367;2;12;9
0,538;2;12;10
0,452;2;12;11
0,429;2;12;12
0,408;2;12;13
1,047;2;12;14
0,442;2;12;15
0,358;2;12;16
0,897;2;12;17
0,891;2;12;18
0,487;2;12;19
0,678;2;12;20
0,733;2;12;21
0,717;2;12;22
1,002;2;12;23
0,968;2;12;24
1,006;2;13;1
0,414;2;13;2
0,438;2;13;3
0,399;2;13;4
0,396;2;13;5
0,503;2;13;6
0,431;2;13;7
0,724;2;13;8
0,358;2;13;9
0,339;2;13;10
0,344;2;13;11
0,362;2;13;12
0,267;2;13;13
0,337;2;13;14
0,507;2;13;15
0,508;2;13;16
0,544;2;13;17
0,519;2;13;18
0,538;2;13;19
0,629;2;13;20
0,658;2;13;21
1,77;2;13;22
0,805;2;13;23
0,76;2;13;24
0,679;2;14;1
2,065;2;14;2
2,634;2;14;3
2,632;2;14;4
2,45;2;14;5
1,577;2;14;6
0,78;2;14;7
0,511;2;14;8
0,869;2;14;9
0,515;2;14;10
0,472;2;14;11
0,333;2;14;12
0,312;2;14;13
0,361;2;14;14
0,514;2;14;15
0,52;2;14;16
0,437;2;14;17
0,392;2;14;18
0,682;2;14;19
0,559;2;14;20
0,563;2;14;21
1,04;2;14;22
0,881;2;14;23
0,612;2;14;24
0,417;2;15;1
2,004;2;15;2
2,556;2;15;3
2,582;2;15;4
2,519;2;15;5
1,22;2;15;6
1,832;2;15;7
1,166;2;15;8
0,813;2;15;9
0,321;2;15;10
0,343;2;15;11
0,303;2;15;12
0,377;2;15;13
0,373;2;15;14
0,595;2;15;15
0,387;2;15;16
0,353;2;15;17
0,304;2;15;18
0,323;2;15;19
0,603;2;15;20
0,593;2;15;21
0,737;2;15;22
0,998;2;15;23
0,547;2;15;24
0,428;2;16;1
0,391;2;16;2
0,448;2;16;3
0,356;2;16;4
0,392;2;16;5
0,359;2;16;6
0,37;2;16;7
0,35;2;16;8
0,28;2;16;9
0,354;2;16;10
0,326;2;16;11
0,3;2;16;12
0,306;2;16;13
0,385;2;16;14
0,426;2;16;15
0,732;2;16;16
0,419;2;16;17
0,468;2;16;18
0,393;2;16;19
2,085;2;16;20
1,307;2;16;21
1,538;2;16;22
1,171;2;16;23
0,92;2;16;24
0,801;2;17;1
2,452;2;17;2
2,915;2;17;3
2,61;2;17;4
2,367;2;17;5
1,172;2;17;6
0,961;2;17;7
0,785;2;17;8
0,445;2;17;9
0,406;2;17;10
0,4;2;17;11
0,409;2;17;12
0,425;2;17;13
0,781;2;17;14
0,379;2;17;15
0,288;2;17;16
0,297;2;17;17
0,261;2;17;18
0,314;2;17;19
0,331;2;17;20
0,283;2;17;21
0,293;2;17;22
0,296;2;17;23
0,332;2;17;24
0,318;2;18;1
0,301;2;18;2
0,317;2;18;3
0,316;2;18;4
0,332;2;18;5
0,295;2;18;6
0,323;2;18;7
0,279;2;18;8
0,322;2;18;9
0,221;2;18;10
0,265;2;18;11
0,269;2;18;12
0,269;2;18;13
0,288;2;18;14
0,254;2;18;15
0,27;2;18;16
0,298;2;18;17
0,263;2;18;18
0,255;2;18;19
0,298;2;18;20
0,28;2;18;21
0,3;2;18;22
0,231;2;18;23
0,331;2;18;24
0,316;2;19;1
0,309;2;19;2
0,261;2;19;3
0,34;2;19;4
0,284;2;19;5
0,295;2;19;6
0,288;2;19;7
0,316;2;19;8
0,294;2;19;9
0,295;2;19;10
0,213;2;19;11
0,329;2;19;12
0,255;2;19;13
0,298;2;19;14
0,271;2;19;15
0,247;2;19;16
0,309;2;19;17
0,258;2;19;18
0,298;2;19;19
1,476;2;19;20
1,823;2;19;21
2,101;2;19;22
0,628;2;19;23
0,622;2;19;24
0,542;2;20;1
0,436;2;20;2
0,398;2;20;3
0,344;2;20;4
0,346;2;20;5
0,568;2;20;6
0,446;2;20;7
0,501;2;20;8
0,259;2;20;9
0,35;2;20;10
0,31;2;20;11
0,336;2;20;12
0,329;2;20;13
0,375;2;20;14
0,639;2;20;15
0,404;2;20;16
0,382;2;20;17
0,395;2;20;18
0,434;2;20;19
0,584;2;20;20
0,724;2;20;21
1,921;2;20;22
0,856;2;20;23
1,261;2;20;24
1,133;2;21;1
1,995;2;21;2
2,545;2;21;3
2,565;2;21;4
2,541;2;21;5
0,885;2;21;6
0,525;2;21;7
0,338;2;21;8
0,319;2;21;9
0,27;2;21;10
0,431;2;21;11
0,417;2;21;12
0,333;2;21;13
0,226;2;21;14
0,226;2;21;15
0,331;2;21;16
0,489;2;21;17
0,303;2;21;18
0,479;2;21;19
0,472;2;21;20
1,064;2;21;21
1,775;2;21;22
0,663;2;21;23
0,526;2;21;24
0,532;2;22;1
2,117;2;22;2
2,743;2;22;3
2,637;2;22;4
2,584;2;22;5
1,723;2;22;6
0,716;2;22;7
0,362;2;22;8
0,324;2;22;9
0,308;2;22;10
0,367;2;22;11
0,332;2;22;12
0,33;2;22;13
0,423;2;22;14
0,424;2;22;15
0,501;2;22;16
0,438;2;22;17
0,367;2;22;18
0,461;2;22;19
0,55;2;22;20
0,537;2;22;21
1,85;2;22;22
1,826;2;22;23
1,004;2;22;24
1,028;2;23;1
1,962;2;23;2
2,549;2;23;3
2,579;2;23;4
2,525;2;23;5
1,346;2;23;6
0,822;2;23;7
0,339;2;23;8
0,293;2;23;9
0,323;2;23;10
0,774;2;23;11
0,401;2;23;12
0,77;2;23;13
0,409;2;23;14
0,464;2;23;15
0,471;2;23;16
0,381;2;23;17
0,332;2;23;18
0,406;2;23;19
0,427;2;23;20
0,422;2;23;21
1,152;2;23;22
0,769;2;23;23
0,519;2;23;24
0,536;2;24;1
2,034;2;24;2
2,591;2;24;3
2,616;2;24;4
2,368;2;24;5
1,859;2;24;6
1,055;2;24;7
0,392;2;24;8
0,305;2;24;9
0,912;2;24;10
0,929;2;24;11
0,315;2;24;12
0,33;2;24;13
0,314;2;24;14
0,271;2;24;15
0,352;2;24;16
0,392;2;24;17
0,409;2;24;18
0,495;2;24;19
0,568;2;24;20
0,588;2;24;21
1,784;2;24;22
0,555;2;24;23
0,53;2;24;24
0,61;2;25;1
2,128;2;25;2
2,606;2;25;3
2,489;2;25;4
2,452;2;25;5
0,778;2;25;6
0,34;2;25;7
0,349;2;25;8
1,067;2;25;9
0,722;2;25;10
0,752;2;25;11
0,285;2;25;12
0,278;2;25;13
0,23;2;25;14
0,301;2;25;15
0,269;2;25;16
0,273;2;25;17
0,282;2;25;18
0,357;2;25;19
0,315;2;25;20
0,325;2;25;21
1,276;2;25;22
1,163;2;25;23
0,746;2;25;24
0,776;2;26;1
2,226;2;26;2
2,742;2;26;3
2,592;2;26;4
2,513;2;26;5
0,979;2;26;6
0,369;2;26;7
0,416;2;26;8
0,367;2;26;9
0,388;2;26;10
0,554;2;26;11
0,455;2;26;12
1,061;2;26;13
1,889;2;26;14
1,491;2;26;15
0,402;2;26;16
0,442;2;26;17
0,803;2;26;18
0,569;2;26;19
0,593;2;26;20
0,842;2;26;21
2,126;2;26;22
1,545;2;26;23
1,577;2;26;24
1,071;2;27;1
2,501;2;27;2
2,194;2;27;3
1,554;2;27;4
1,372;2;27;5
2,802;2;27;6
2,004;2;27;7
1,35;2;27;8
1,209;2;27;9
1,182;2;27;10
1,146;2;27;11
1,217;2;27;12
1,183;2;27;13
0,445;2;27;14
0,589;2;27;15
0,397;2;27;16
0,443;2;27;17
0,322;2;27;18
0,466;2;27;19
0,488;2;27;20
0,502;2;27;21
1,567;2;27;22
0,879;2;27;23
0,547;2;27;24
0,856;2;28;1
2,731;2;28;2
3,102;2;28;3
3,171;2;28;4
2,972;2;28;5
2,855;2;28;6
1,904;2;28;7
1,209;2;28;8
1,281;2;28;9
1,341;2;28;10
1,001;2;28;11
0,38;2;28;12
0,342;2;28;13
0,438;2;28;14
0,411;2;28;15
0,445;2;28;16
0,412;2;28;17
0,468;2;28;18
0,557;2;28;19
0,572;2;28;20
0,663;2;28;21
1,421;2;28;22
2,363;2;28;23
1,695;2;28;24
1,967;3;1;1
2,764;3;1;2
3,064;3;1;3
3,032;3;1;4
2,338;3;1;5
2,181;3;1;6
1,59;3;1;7
0,873;3;1;8
0,586;3;1;9
0,452;3;1;10
0,602;3;1;11
0,675;3;1;12
0,676;3;1;13
0,561;3;1;14
1,029;3;1;15
0,71;3;1;16
2,678;3;1;17
2,68;3;1;18
1,27;3;1;19
0,546;3;1;20
0,514;3;1;21
1,321;3;1;22
0,705;3;1;23
0,679;3;1;24
0,521;3;2;1
2,056;3;2;2
2,622;3;2;3
2,957;3;2;4
2,654;3;2;5
1,935;3;2;6
1,532;3;2;7
1,504;3;2;8
1,186;3;2;9
1,024;3;2;10
0,636;3;2;11
0,642;3;2;12
0,476;3;2;13
0,372;3;2;14
0,786;3;2;15
0,39;3;2;16
0,296;3;2;17
0,37;3;2;18
0,377;3;2;19
0,499;3;2;20
1,878;3;2;21
1,699;3;2;22
0,64;3;2;23
0,569;3;2;24
0,483;3;3;1
1,975;3;3;2
2,449;3;3;3
2,502;3;3;4
2,362;3;3;5
2,426;3;3;6
1,135;3;3;7
1,713;3;3;8
0,477;3;3;9
0,949;3;3;10
0,448;3;3;11
0,378;3;3;12
0,429;3;3;13
0,393;3;3;14
0,451;3;3;15
0,448;3;3;16
0,463;3;3;17
0,529;3;3;18
0,434;3;3;19
0,463;3;3;20
0,475;3;3;21
0,493;3;3;22
0,756;3;3;23
0,675;3;3;24
0,523;3;4;1
1,543;3;4;2
2,47;3;4;3
2,501;3;4;4
2,499;3;4;5
1,098;3;4;6
0,324;3;4;7
0,299;3;4;8
0,485;3;4;9
0,802;3;4;10
1,421;3;4;11
0,552;3;4;12
0,817;3;4;13
1,964;3;4;14
0,958;3;4;15
1,139;3;4;16
1,174;3;4;17
0,892;3;4;18
0,684;3;4;19
1,065;3;4;20
0,968;3;4;21
1,854;3;4;22
0,833;3;4;23
1,116;3;4;24
1,209;3;5;1
0,564;3;5;2
0,613;3;5;3
0,572;3;5;4
0,484;3;5;5
0,388;3;5;6
0,369;3;5;7
0,362;3;5;8
0,451;3;5;9
0,388;3;5;10
0,536;3;5;11
0,875;3;5;12
1,048;3;5;13
0,387;3;5;14
2,423;3;5;15
2,118;3;5;16
0,713;3;5;17
0,95;3;5;18
0,866;3;5;19
0,475;3;5;20
0,613;3;5;21
2,489;3;5;22
1,333;3;5;23
0,714;3;5;24
1,089;3;6;1
2,004;3;6;2
2,589;3;6;3
2,453;3;6;4
2,46;3;6;5
1,629;3;6;6
0,738;3;6;7
0,323;3;6;8
0,235;3;6;9
0,333;3;6;10
0,343;3;6;11
0,349;3;6;12
0,301;3;6;13
0,285;3;6;14
0,432;3;6;15
0,312;3;6;16
0,409;3;6;17
0,282;3;6;18
0,367;3;6;19
0,423;3;6;20
0,561;3;6;21
0,719;3;6;22
0,528;3;6;23
0,416;3;6;24
0,43;3;7;1
2,037;3;7;2
2,572;3;7;3
2,537;3;7;4
2,557;3;7;5
2,104;3;7;6
1,607;3;7;7
0,321;3;7;8
0,245;3;7;9
0,319;3;7;10
0,31;3;7;11
0,34;3;7;12
0,262;3;7;13
0,324;3;7;14
0,81;3;7;15
0,409;3;7;16
0,346;3;7;17
0,381;3;7;18
0,355;3;7;19
0,447;3;7;20
0,471;3;7;21
1,415;3;7;22
1,283;3;7;23
1,159;3;7;24
0,354;3;8;1
1,949;3;8;2
2,488;3;8;3
2,539;3;8;4
2,481;3;8;5
1,41;3;8;6
0,592;3;8;7
0,331;3;8;8
0,317;3;8;9
0,301;3;8;10
0,307;3;8;11
0,284;3;8;12
0,316;3;8;13
0,338;3;8;14
0,406;3;8;15
0,342;3;8;16
0,319;3;8;17
0,449;3;8;18
0,378;3;8;19
0,827;3;8;20
0,885;3;8;21
0,772;3;8;22
0,646;3;8;23
0,479;3;8;24
0,414;3;9;1
1,996;3;9;2
2,591;3;9;3
2,503;3;9;4
2,446;3;9;5
0,9;3;9;6
0,809;3;9;7
0,871;3;9;8
0,472;3;9;9
0,302;3;9;10
0,368;3;9;11
0,35;3;9;12
0,277;3;9;13
0,414;3;9;14
0,463;3;9;15
0,475;3;9;16
0,322;3;9;17
0,453;3;9;18
0,355;3;9;19
0,468;3;9;20
0,482;3;9;21
1,14;3;9;22
0,619;3;9;23
1,094;3;9;24
1,095;3;10;1
1,93;3;10;2
2,56;3;10;3
2,565;3;10;4
2,651;3;10;5
2,289;3;10;6
0,899;3;10;7
0,421;3;10;8
0,263;3;10;9
0,303;3;10;10
0,37;3;10;11
0,364;3;10;12
0,263;3;10;13
0,337;3;10;14
0,346;3;10;15
0,394;3;10;16
0,323;3;10;17
0,323;3;10;18
0,314;3;10;19
0,302;3;10;20
0,538;3;10;21
0,573;3;10;22
0,593;3;10;23
0,54;3;10;24
0,627;3;11;1
2,737;3;11;2
2,62;3;11;3
2,582;3;11;4
1,98;3;11;5
0,279;3;11;6
0,957;3;11;7
0,439;3;11;8
1,174;3;11;9
1,046;3;11;10
0,514;3;11;11
0,412;3;11;12
0,326;3;11;13
0,305;3;11;14
0,232;3;11;15
0,296;3;11;16
0,294;3;11;17
0,231;3;11;18
0,348;3;11;19
0,91;3;11;20
1,653;3;11;21
1,468;3;11;22
0,492;3;11;23
0,465;3;11;24
0,422;3;12;1
1,991;3;12;2
2,543;3;12;3
2,535;3;12;4
2,55;3;12;5
0,513;3;12;6
0,226;3;12;7
0,324;3;12;8
0,275;3;12;9
0,369;3;12;10
0,319;3;12;11
0,791;3;12;12
1,19;3;12;13
1,306;3;12;14
1,139;3;12;15
0,575;3;12;16
0,583;3;12;17
0,945;3;12;18
0,682;3;12;19
0,986;3;12;20
0,562;3;12;21
0,557;3;12;22
1,02;3;12;23
1,014;3;12;24
0,996;3;13;1
0,422;3;13;2
0,408;3;13;3
0,375;3;13;4
0,33;3;13;5
0,605;3;13;6
0,547;3;13;7
0,302;3;13;8
0,233;3;13;9
0,277;3;13;10
0,413;3;13;11
0,237;3;13;12
0,315;3;13;13
0,358;3;13;14
0,435;3;13;15
0,464;3;13;16
0,304;3;13;17
0,376;3;13;18
0,353;3;13;19
0,494;3;13;20
0,73;3;13;21
1,381;3;13;22
0,649;3;13;23
0,333;3;13;24
0,426;3;14;1
2,071;3;14;2
2,55;3;14;3
2,603;3;14;4
2,529;3;14;5
1,33;3;14;6
0,85;3;14;7
0,849;3;14;8
0,616;3;14;9
0,817;3;14;10
0,344;3;14;11
0,301;3;14;12
0,388;3;14;13
0,349;3;14;14
0,498;3;14;15
0,508;3;14;16
0,432;3;14;17
0,493;3;14;18
0,423;3;14;19
0,418;3;14;20
1,351;3;14;21
1,27;3;14;22
0,775;3;14;23
0,765;3;14;24
0,582;3;15;1
2,016;3;15;2
2,629;3;15;3
2,593;3;15;4
2,638;3;15;5
2,037;3;15;6
1,388;3;15;7
0,973;3;15;8
0,901;3;15;9
0,317;3;15;10
0,356;3;15;11
0,284;3;15;12
0,43;3;15;13
0,358;3;15;14
0,423;3;15;15
0,511;3;15;16
0,365;3;15;17
0,409;3;15;18
0,394;3;15;19
0,439;3;15;20
0,559;3;15;21
0,997;3;15;22
0,679;3;15;23
1,164;3;15;24
0,951;3;16;1
1,956;3;16;2
2,558;3;16;3
2,536;3;16;4
2,539;3;16;5
1,242;3;16;6
0,756;3;16;7
0,481;3;16;8
0,274;3;16;9
0,298;3;16;10
0,332;3;16;11
0,327;3;16;12
0,348;3;16;13
0,395;3;16;14
0,675;3;16;15
0,383;3;16;16
0,439;3;16;17
0,407;3;16;18
0,288;3;16;19
0,525;3;16;20
1,918;3;16;21
0,663;3;16;22
0,595;3;16;23
0,592;3;16;24
0,438;3;17;1
2,008;3;17;2
2,573;3;17;3
2,545;3;17;4
3,069;3;17;5
0,774;3;17;6
0,758;3;17;7
1,844;3;17;8
0,984;3;17;9
0,416;3;17;10
0,353;3;17;11
0,439;3;17;12
0,33;3;17;13
0,546;3;17;14
1,907;3;17;15
0,711;3;17;16
0,419;3;17;17
0,352;3;17;18
0,488;3;17;19
0,508;3;17;20
1,033;3;17;21
0,827;3;17;22
0,781;3;17;23
0,621;3;17;24
0,578;3;18;1
2,144;3;18;2
2,579;3;18;3
2,587;3;18;4
2,523;3;18;5
0,93;3;18;6
0,323;3;18;7
0,279;3;18;8
0,312;3;18;9
0,318;3;18;10
1,123;3;18;11
0,672;3;18;12
0,641;3;18;13
1,407;3;18;14
0,419;3;18;15
0,332;3;18;16
0,421;3;18;17
1,372;3;18;18
0,657;3;18;19
1,186;3;18;20
1,013;3;18;21
1,862;3;18;22
0,897;3;18;23
0,596;3;18;24
0,806;3;19;1
2,239;3;19;2
2,703;3;19;3
2,566;3;19;4
1,633;3;19;5
0,322;3;19;6
0,351;3;19;7
0,278;3;19;8
0,277;3;19;9
0,571;3;19;10
0,352;3;19;11
0,419;3;19;12
0,536;3;19;13
0,467;3;19;14
0,239;3;19;15
0,275;3;19;16
0,283;3;19;17
0,305;3;19;18
0,431;3;19;19
0,416;3;19;20
1,016;3;19;21
1,951;3;19;22
0,718;3;19;23
0,664;3;19;24
1,224;3;20;1
0,841;3;20;2
0,966;3;20;3
0,269;3;20;4
0,348;3;20;5
0,278;3;20;6
0,283;3;20;7
0,827;3;20;8
0,315;3;20;9
0,427;3;20;10
0,318;3;20;11
0,325;3;20;12
0,259;3;20;13
1,42;3;20;14
0,365;3;20;15
0,427;3;20;16
0,391;3;20;17
0,344;3;20;18
0,322;3;20;19
0,468;3;20;20
0,458;3;20;21
0,996;3;20;22
0,573;3;20;23
1,077;3;20;24
1,032;3;21;1
2,001;3;21;2
2,601;3;21;3
2,472;3;21;4
2,517;3;21;5
1,516;3;21;6
1,537;3;21;7
0,414;3;21;8
0,287;3;21;9
0,277;3;21;10
0,329;3;21;11
0,333;3;21;12
0,325;3;21;13
0,354;3;21;14
0,457;3;21;15
0,451;3;21;16
0,354;3;21;17
0,427;3;21;18
0,406;3;21;19
0,454;3;21;20
0,566;3;21;21
1,398;3;21;22
0,684;3;21;23
0,485;3;21;24
0,501;3;22;1
1,983;3;22;2
2,586;3;22;3
2,584;3;22;4
2,49;3;22;5
1,252;3;22;6
1,619;3;22;7
0,743;3;22;8
0,9;3;22;9
0,261;3;22;10
0,341;3;22;11
0,337;3;22;12
0,321;3;22;13
0,306;3;22;14
0,275;3;22;15
0,338;3;22;16
0,358;3;22;17
0,383;3;22;18
0,401;3;22;19
1,609;3;22;20
2,183;3;22;21
1,35;3;22;22
0,595;3;22;23
0,58;3;22;24
1,916;3;23;1
2,618;3;23;2
2,507;3;23;3
2,526;3;23;4
1,115;3;23;5
0,786;3;23;6
1,059;3;23;7
0,872;3;23;8
0,812;3;23;9
0,272;3;23;10
0,386;3;23;11
0,221;3;23;12
0,341;3;23;13
0,358;3;23;14
0,489;3;23;15
0,503;3;23;16
0,401;3;23;17
0,42;3;23;18
0,334;3;23;19
0,414;3;23;20
0,553;3;23;21
2,006;3;23;22
0,689;3;23;23
0,687;3;23;24
0,482;3;24;1
2,032;3;24;2
2,593;3;24;3
2,509;3;24;4
2,509;3;24;5
0,961;3;24;6
0,768;3;24;7
1,112;3;24;8
0,268;3;24;9
0,424;3;24;10
0,386;3;24;11
0,381;3;24;12
0,356;3;24;13
0,377;3;24;14
0,552;3;24;15
0,355;3;24;16
0,44;3;24;17
0,356;3;24;18
0,354;3;24;19
0,466;3;24;20
0,602;3;24;21
0,974;3;24;22
1,194;3;24;23
0,94;3;24;24
0,959;3;25;1
2,175;3;25;2
2,571;3;25;3
2,531;3;25;4
2,457;3;25;5
0,639;3;25;6
0,313;3;25;7
0,263;3;25;8
0,309;3;25;9
0,383;3;25;10
0,55;3;25;11
0,352;3;25;12
0,239;3;25;13
0,254;3;25;14
0,254;3;25;15
0,246;3;25;16
0,265;3;25;17
0,234;3;25;18
0,296;3;25;19
0,338;3;25;20
0,457;3;25;21
0,9;3;25;22
0,639;3;25;23
0,602;3;25;24
0,456;3;26;1
2,034;3;26;2
2,496;3;26;3
2,537;3;26;4
2,507;3;26;5
0,794;3;26;6
0,492;3;26;7
0,3;3;26;8
0,275;3;26;9
0,479;3;26;10
1,015;3;26;11
1,212;3;26;12
0,402;3;26;13
0,681;3;26;14
0,418;3;26;15
0,421;3;26;16
0,416;3;26;17
0,667;3;26;18
0,434;3;26;19
0,458;3;26;20
1,616;3;26;21
1,347;3;26;22
1,304;3;26;23
0,601;3;27;1
2,028;3;27;2
2,662;3;27;3
2,523;3;27;4
2,566;3;27;5
1,488;3;27;6
0,59;3;27;7
0,438;3;27;8
0,262;3;27;9
0,287;3;27;10
0,393;3;27;11
0,264;3;27;12
0,403;3;27;13
0,381;3;27;14
0,431;3;27;15
0,454;3;27;16
0,313;3;27;17
0,395;3;27;18
0,307;3;27;19
0,259;3;27;20
0,371;3;27;21
1,919;3;27;22
0,462;3;27;23
0,549;3;27;24
0,522;3;28;1
2,21;3;28;2
2,797;3;28;3
2,52;3;28;4
2,53;3;28;5
1,841;3;28;6
1,537;3;28;7
0,894;3;28;8
0,369;3;28;9
0,33;3;28;10
0,361;3;28;11
0,266;3;28;12
0,338;3;28;13
0,36;3;28;14
0,565;3;28;15
0,334;3;28;16
0,34;3;28;17
0,413;3;28;18
0,408;3;28;19
0,477;3;28;20
0,93;3;28;21
1,194;3;28;22
0,707;3;28;23
0,733;3;28;24
0,523;3;29;1
2,084;3;29;2
2,646;3;29;3
2,586;3;29;4
2,682;3;29;5
2,585;3;29;6
1,105;3;29;7
1,006;3;29;8
0,866;3;29;9
0,292;3;29;10
0,395;3;29;11
0,235;3;29;12
0,359;3;29;13
0,422;3;29;14
0,793;3;29;15
0,512;3;29;16
0,374;3;29;17
0,408;3;29;18
0,377;3;29;19
0,339;3;29;20
0,39;3;29;21
1,342;3;29;22
0,633;3;29;23
0,534;3;29;24
0,477;3;30;1
1,993;3;30;2
2,576;3;30;3
2,557;3;30;4
2,531;3;30;5
1,304;3;30;6
0,798;3;30;7
0,337;3;30;8
0,313;3;30;9
0,294;3;30;10
0,371;3;30;11
0,336;3;30;12
0,318;3;30;13
0,386;3;30;14
0,557;3;30;15
0,43;3;30;16
0,533;3;30;17
0,425;3;30;18
0,337;3;30;19
0,38;3;30;20
0,307;3;30;21
1,4;3;30;22
0,568;3;30;23
0,476;3;30;24
0,606;3;31;1
2,186;3;31;2
2,623;3;31;3
2,515;3;31;4
2,49;3;31;5
1,09;3;31;6
1,348;3;31;7
0,88;3;31;8
0,265;3;31;9
0,249;3;31;10
0,365;3;31;11
0,334;3;31;12
0,276;3;31;13
0,263;3;31;14
0,489;3;31;15
0,455;3;31;16
0,458;3;31;17
0,374;3;31;18
0,347;3;31;19
0,43;3;31;20
1,01;3;31;21
1,584;3;31;22
0,772;3;31;23
0,653;3;31;24
0,679;4;1;1
2,179;4;1;2
2,668;4;1;3
2,607;4;1;4
2,549;4;1;5
0,663;4;1;6
0,284;4;1;7
0,495;4;1;8
0,403;4;1;9
0,685;4;1;10
1,42;4;1;11
1,798;4;1;12
1,104;4;1;13
2,026;4;1;14
1,298;4;1;15
0,319;4;1;16
0,789;4;1;17
0,872;4;1;18
0,279;4;1;19
0,751;4;1;20
0,501;4;1;21
1,677;4;1;22
0,793;4;1;23
0,602;4;1;24
0,531;4;2;1
2,73;4;2;2
2,735;4;2;3
2,631;4;2;4
2,481;4;2;5
0,353;4;2;6
0,444;4;2;7
0,466;4;2;8
0,563;4;2;9
0,822;4;2;10
1,459;4;2;11
0,409;4;2;12
0,307;4;2;13
0,341;4;2;14
0,725;4;2;15
0,513;4;2;16
0,466;4;2;17
0,471;4;2;18
0,689;4;2;19
0,348;4;2;20
0,519;4;2;21
1,16;4;2;22
1,201;4;2;23
1,431;4;2;24
2,618;4;3;1
2,596;4;3;2
1,955;4;3;3
0,374;4;3;4
0,302;4;3;5
1,126;4;3;6
0,96;4;3;7
0,261;4;3;8
0,337;4;3;9
0,377;4;3;10
0,331;4;3;11
0,303;4;3;12
0,293;4;3;13
0,362;4;3;14
0,598;4;3;15
0,348;4;3;16
0,326;4;3;17
0,364;4;3;18
0,364;4;3;19
0,439;4;3;20
1,171;4;3;21
0,539;4;3;22
0,608;4;3;23
0,401;4;3;24
0,374;4;4;1
2,066;4;4;2
2,9;4;4;3
2,853;4;4;4
3,103;4;4;5
1,348;4;4;6
0,975;4;4;7
0,3;4;4;8
0,351;4;4;9
0,289;4;4;10
0,319;4;4;11
0,36;4;4;12
0,326;4;4;13
0,323;4;4;14
0,296;4;4;15
0,272;4;4;16
0,324;4;4;17
0,299;4;4;18
0,313;4;4;19
0,281;4;4;20
0,297;4;4;21
0,45;4;4;22
0,482;4;4;23
0,482;4;4;24
0,326;4;5;1
2,001;4;5;2
2,517;4;5;3
2,58;4;5;4
2,509;4;5;5
1,166;4;5;6
0,835;4;5;7
0,476;4;5;8
0,319;4;5;9
0,287;4;5;10
0,279;4;5;11
0,308;4;5;12
0,275;4;5;13
0,32;4;5;14
0,387;4;5;15
0,287;4;5;16
0,346;4;5;17
0,4;4;5;18
0,359;4;5;19
0,528;4;5;20
0,622;4;5;21
1,745;4;5;22
0,872;4;5;23
0,572;4;5;24
0,982;4;6;1
0,992;4;6;2
0,757;4;6;3
0,397;4;6;4
0,319;4;6;5
0,315;4;6;6
0,321;4;6;7
0,322;4;6;8
0,302;4;6;9
0,282;4;6;10
0,282;4;6;11
0,344;4;6;12
0,296;4;6;13
0,355;4;6;14
0,331;4;6;15
0,313;4;6;16
0,861;4;6;17
0,35;4;6;18
0,351;4;6;19
0,697;4;6;20
0,515;4;6;21
0,417;4;6;22
0,456;4;6;23
0,472;4;6;24
0,389;4;7;1
0,443;4;7;2
0,355;4;7;3
0,406;4;7;4
0,277;4;7;5
0,34;4;7;6
0,33;4;7;7
0,267;4;7;8
0,357;4;7;9
0,26;4;7;10
0,306;4;7;11
0,32;4;7;12
0,388;4;7;13
0,461;4;7;14
0,455;4;7;15
0,389;4;7;16
0,427;4;7;17
0,391;4;7;18
0,31;4;7;19
0,338;4;7;20
0,338;4;7;21
0,426;4;7;22
0,414;4;7;23
0,385;4;7;24
0,418;4;8;1
0,436;4;8;2
0,41;4;8;3
0,361;4;8;4
0,268;4;8;5
0,283;4;8;6
0,337;4;8;7
0,28;4;8;8
0,299;4;8;9
0,233;4;8;10
0,263;4;8;11
0,304;4;8;12
0,266;4;8;13
0,394;4;8;14
0,259;4;8;15
0,335;4;8;16
0,317;4;8;17
0,262;4;8;18
0,306;4;8;19
0,283;4;8;20
0,326;4;8;21
0,337;4;8;22
0,75;4;8;23
0,392;4;8;24
0,447;4;9;1
0,952;4;9;2
0,933;4;9;3
0,48;4;9;4
0,316;4;9;5
0,317;4;9;6
0,326;4;9;7
0,259;4;9;8
0,294;4;9;9
0,238;4;9;10
0,307;4;9;11
0,39;4;9;12
0,244;4;9;13
0,318;4;9;14
0,359;4;9;15
0,771;4;9;16
0,47;4;9;17
0,528;4;9;18
0,527;4;9;19
0,486;4;9;20
0,993;4;9;21
2,043;4;9;22
0,645;4;9;23
0,593;4;9;24
0,643;4;10;1
2,251;4;10;2
2,786;4;10;3
2,627;4;10;4
2,586;4;10;5
1,249;4;10;6
0,854;4;10;7
0,278;4;10;8
0,253;4;10;9
0,269;4;10;10
0,336;4;10;11
0,298;4;10;12
0,311;4;10;13
0,317;4;10;14
0,847;4;10;15
0,397;4;10;16
0,452;4;10;17
0,358;4;10;18
0,506;4;10;19
0,432;4;10;20
0,364;4;10;21
1,544;4;10;22
0,656;4;10;23
0,775;4;10;24
0,492;4;11;1
2,074;4;11;2
2,621;4;11;3
2,555;4;11;4
2,56;4;11;5
1,921;4;11;6
0,857;4;11;7
0,362;4;11;8
0,256;4;11;9
0,245;4;11;10
0,371;4;11;11
0,272;4;11;12
0,386;4;11;13
0,414;4;11;14
0,494;4;11;15
0,465;4;11;16
0,431;4;11;17
0,445;4;11;18
0,513;4;11;19
0,37;4;11;20
0,561;4;11;21
1,078;4;11;22
0,722;4;11;23
0,566;4;11;24
0,42;4;12;1
2,08;4;12;2
2,57;4;12;3
2,557;4;12;4
2,563;4;12;5
1,33;4;12;6
0,851;4;12;7
1,048;4;12;8
0,863;4;12;9
0,281;4;12;10
0,304;4;12;11
0,308;4;12;12
0,354;4;12;13
0,306;4;12;14
0,468;4;12;15
0,35;4;12;16
0,388;4;12;17
0,353;4;12;18
0,474;4;12;19
0,392;4;12;20
0,448;4;12;21
2,299;4;12;22
0,859;4;12;23
0,634;4;12;24
0,511;4;13;1
2,126;4;13;2
2,598;4;13;3
2,565;4;13;4
2,554;4;13;5
1,215;4;13;6
0,97;4;13;7
0,926;4;13;8
0,862;4;13;9
0,331;4;13;10
0,313;4;13;11
0,232;4;13;12
0,273;4;13;13
0,275;4;13;14
0,249;4;13;15
1,26;4;13;16
2,688;4;13;17
2,692;4;13;18
2,69;4;13;19
1,703;4;13;20
0,489;4;13;21
1,454;4;13;22
1,106;4;13;23
0,77;4;13;24
0,634;4;14;1
0,345;4;14;2
0,348;4;14;3
0,302;4;14;4
0,341;4;14;5
0,682;4;14;6
2,441;4;14;7
0,654;4;14;8
0,609;4;14;9
0,285;4;14;10
0,304;4;14;11
0,28;4;14;12
0,222;4;14;13
0,307;4;14;14
0,437;4;14;15
0,368;4;14;16
0,316;4;14;17
0,3;4;14;18
0,276;4;14;19
0,303;4;14;20
0,498;4;14;21
1,04;4;14;22
0,678;4;14;23
0,537;4;14;24
0,459;4;15;1
2,084;4;15;2
2,596;4;15;3
2,557;4;15;4
2,53;4;15;5
0,687;4;15;6
0,437;4;15;7
0,409;4;15;8
0,279;4;15;9
0,444;4;15;10
0,321;4;15;11
0,302;4;15;12
0,561;4;15;13
1,516;4;15;14
0,802;4;15;15
0,95;4;15;16
0,732;4;15;17
0,705;4;15;18
0,395;4;15;19
0,469;4;15;20
0,435;4;15;21
1,516;4;15;22
1,287;4;15;23
1,0;4;15;24
0,761;4;16;1
1,906;4;16;2
2,593;4;16;3
2,515;4;16;4
2,529;4;16;5
0,427;4;16;6
0,457;4;16;7
0,736;4;16;8
0,416;4;16;9
0,284;4;16;10
0,745;4;16;11
0,445;4;16;12
0,344;4;16;13
0,499;4;16;14
0,367;4;16;15
0,393;4;16;16
0,335;4;16;17
0,33;4;16;18
0,331;4;16;19
0,252;4;16;20
0,513;4;16;21
0,512;4;16;22
0,876;4;16;23
0,588;4;16;24
0,332;4;17;1
2,024;4;17;2
2,513;4;17;3
2,591;4;17;4
2,513;4;17;5
1,251;4;17;6
0,695;4;17;7
0,936;4;17;8
0,411;4;17;9
0,77;4;17;10
0,353;4;17;11
0,273;4;17;12
0,408;4;17;13
0,511;4;17;14
0,382;4;17;15
0,398;4;17;16
0,341;4;17;17
0,307;4;17;18
0,397;4;17;19
0,235;4;17;20
0,32;4;17;21
0,954;4;17;22
0,543;4;17;23
0,562;4;17;24
0,292;4;18;1
2,026;4;18;2
2,543;4;18;3
2,574;4;18;4
2,38;4;18;5
0,889;4;18;6
0,903;4;18;7
1,381;4;18;8
0,614;4;18;9
0,562;4;18;10
0,339;4;18;11
0,384;4;18;12
0,273;4;18;13
0,275;4;18;14
0,388;4;18;15
0,428;4;18;16
0,403;4;18;17
0,374;4;18;18
0,362;4;18;19
0,387;4;18;20
0,573;4;18;21
2,441;4;18;22
0,675;4;18;23
0,61;4;18;24
0,635;4;19;1
1,977;4;19;2
2,643;4;19;3
2,581;4;19;4
2,556;4;19;5
2,582;4;19;6
0,609;4;19;7
0,955;4;19;8
1,068;4;19;9
0,392;4;19;10
0,402;4;19;11
0,309;4;19;12
0,333;4;19;13
0,335;4;19;14
0,469;4;19;15
0,418;4;19;16
0,366;4;19;17
0,374;4;19;18
0,351;4;19;19
0,343;4;19;20
0,386;4;19;21
2,231;4;19;22
0,681;4;19;23
0,694;4;19;24
0,411;4;20;1
2,022;4;20;2
2,663;4;20;3
2,61;4;20;4
2,549;4;20;5
1,301;4;20;6
1,149;4;20;7
0,879;4;20;8
0,243;4;20;9
0,339;4;20;10
0,337;4;20;11
0,303;4;20;12
0,287;4;20;13
0,381;4;20;14
0,499;4;20;15
0,352;4;20;16
0,412;4;20;17
0,337;4;20;18
0,407;4;20;19
0,406;4;20;20
0,457;4;20;21
0,867;4;20;22
0,919;4;20;23
2,846;4;20;24
2,595;4;21;1
2,625;4;21;2
2,52;4;21;3
0,434;4;21;4
0,282;4;21;5
0,551;4;21;6
0,786;4;21;7
0,347;4;21;8
0,225;4;21;9
0,286;4;21;10
0,331;4;21;11
0,245;4;21;12
0,32;4;21;13
0,306;4;21;14
0,394;4;21;15
0,369;4;21;16
0,436;4;21;17
0,383;4;21;18
0,33;4;21;19
0,395;4;21;20
0,902;4;21;21
1,328;4;21;22
0,762;4;21;23
0,6;4;21;24
2,301;4;22;1
2,741;4;22;2
2,611;4;22;3
2,59;4;22;4
0,817;4;22;5
0,352;4;22;6
0,337;4;22;7
0,294;4;22;8
0,257;4;22;9
1,381;4;22;10
2,131;4;22;11
0,657;4;22;12
0,859;4;22;13
0,987;4;22;14
0,792;4;22;15
0,58;4;22;16
1,047;4;22;17
0,907;4;22;18
0,301;4;22;19
0,287;4;22;20
0,458;4;22;21
0,613;4;22;22
0,807;4;22;23
0,945;4;22;24
0,727;4;23;1
2,582;4;23;2
2,56;4;23;3
2,597;4;23;4
2,577;4;23;5
0,824;4;23;6
1,41;4;23;7
0,419;4;23;8
0,395;4;23;9
0,393;4;23;10
1,384;4;23;11
1,986;4;23;12
2,483;4;23;13
1,603;4;23;14
0,71;4;23;15
0,44;4;23;16
1,233;4;23;17
0,682;4;23;18
0,823;4;23;19
0,407;4;23;20
0,452;4;23;21
0,78;4;23;22
0,67;4;23;23
0,531;4;23;24
0,44;4;24;1
2,011;4;24;2
2,552;4;24;3
1,874;4;24;4
0,335;4;24;5
0,682;4;24;6
0,931;4;24;7
0,818;4;24;8
0,661;4;24;9
0,472;4;24;10
0,373;4;24;11
0,341;4;24;12
0,267;4;24;13
0,417;4;24;14
0,319;4;24;15
0,262;4;24;16
0,301;4;24;17
0,33;4;24;18
0,334;4;24;19
1,088;4;24;20
0,427;4;24;21
0,991;4;24;22
0,708;4;24;23
0,45;4;24;24
0,361;4;25;1
1,965;4;25;2
2,535;4;25;3
2,55;4;25;4
2,514;4;25;5
1,03;4;25;6
0,708;4;25;7
1,006;4;25;8
0,789;4;25;9
0,324;4;25;10
0,392;4;25;11
0,454;4;25;12
0,206;4;25;13
0,336;4;25;14
0,56;4;25;15
0,519;4;25;16
0,477;4;25;17
0,461;4;25;18
0,362;4;25;19
0,431;4;25;20
0,459;4;25;21
1,091;4;25;22
0,782;4;25;23
0,655;4;25;24
0,409;4;26;1
2,112;4;26;2
2,635;4;26;3
2,581;4;26;4
2,603;4;26;5
1,143;4;26;6
1,259;4;26;7
1,056;4;26;8
0,792;4;26;9
0,322;4;26;10
0,403;4;26;11
0,316;4;26;12
0,328;4;26;13
0,351;4;26;14
0,44;4;26;15
0,379;4;26;16
0,384;4;26;17
0,474;4;26;18
0,327;4;26;19
0,548;4;26;20
0,991;4;26;21
1,75;4;26;22
0,577;4;26;23
0,682;4;26;24
0,406;4;27;1
2,02;4;27;2
2,59;4;27;3
2,602;4;27;4
2,045;4;27;5
2,61;4;27;6
1,338;4;27;7
0,301;4;27;8
0,28;4;27;9
0,348;4;27;10
0,424;4;27;11
0,339;4;27;12
0,447;4;27;13
0,666;4;27;14
0,337;4;27;15
0,455;4;27;16
0,432;4;27;17
0,372;4;27;18
0,252;4;27;19
0,383;4;27;20
2,317;4;27;21
1,333;4;27;22
0,654;4;27;23
0,552;4;27;24
0,435;4;28;1
2,02;4;28;2
2,66;4;28;3
2,581;4;28;4
2,574;4;28;5
1,436;4;28;6
0,718;4;28;7
0,882;4;28;8
1,038;4;28;9
0,303;4;28;10
0,412;4;28;11
0,49;4;28;12
0,509;4;28;13
0,537;4;28;14
0,595;4;28;15
0,561;4;28;16
0,392;4;28;17
0,491;4;28;18
0,481;4;28;19
0,464;4;28;20
0,55;4;28;21
1,216;4;28;22
0,572;4;28;23
0,493;4;28;24
0,536;4;29;1
2,111;4;29;2
2,64;4;29;3
2,628;4;29;4
2,543;4;29;5
0,67;4;29;6
0,341;4;29;7
0,27;4;29;8
0,395;4;29;9
0,818;4;29;10
0,517;4;29;11
0,58;4;29;12
0,487;4;29;13
0,453;4;29;14
0,638;4;29;15
0,437;4;29;16
0,454;4;29;17
0,503;4;29;18
0,472;4;29;19
0,827;4;29;20
0,514;4;29;21
1,47;4;29;22
0,585;4;29;23
0,477;4;29;24
0,441;4;30;1
0,366;4;30;2
0,347;4;30;3
0,294;4;30;4
0,388;4;30;5
0,294;4;30;6
0,367;4;30;7
0,363;4;30;8
0,33;4;30;9
0,356;4;30;10
0,339;4;30;11
1,37;4;30;12
0,961;4;30;13
0,466;4;30;14
0,573;4;30;15
0,51;4;30;16
0,408;4;30;17
0,464;4;30;18
0,463;4;30;19
0,405;4;30;20
0,461;4;30;21
0,461;4;30;22
1,053;4;30;23
0,543;4;30;24
0,802;5;1;1
0,377;5;1;2
0,318;5;1;3
0,311;5;1;4
0,347;5;1;5
0,273;5;1;6
0,358;5;1;7
0,237;5;1;8
0,85;5;1;9
0,46;5;1;10
0,353;5;1;11
0,44;5;1;12
0,4;5;1;13
0,332;5;1;14
1,319;5;1;15
0,352;5;1;16
0,454;5;1;17
0,379;5;1;18
0,375;5;1;19
0,316;5;1;20
0,783;5;1;21
0,801;5;1;22
0,504;5;1;23
0,904;5;1;24
0,919;5;2;1
0,295;5;2;2
0,297;5;2;3
0,315;5;2;4
0,297;5;2;5
0,384;5;2;6
0,292;5;2;7
0,292;5;2;8
0,317;5;2;9
0,311;5;2;10
0,365;5;2;11
0,355;5;2;12
0,336;5;2;13
0,361;5;2;14
0,542;5;2;15
0,455;5;2;16
0,512;5;2;17
0,435;5;2;18
0,524;5;2;19
0,461;5;2;20
0,548;5;2;21
1,971;5;2;22
0,725;5;2;23
0,662;5;2;24
0,486;5;3;1
2,096;5;3;2
2,626;5;3;3
2,623;5;3;4
2,542;5;3;5
0,989;5;3;6
1,082;5;3;7
0,768;5;3;8
0,562;5;3;9
0,213;5;3;10
0,456;5;3;11
0,299;5;3;12
0,323;5;3;13
0,421;5;3;14
0,533;5;3;15
0,419;5;3;16
0,421;5;3;17
0,417;5;3;18
0,471;5;3;19
0,323;5;3;20
0,327;5;3;21
1,945;5;3;22
0,856;5;3;23
0,504;5;3;24
0,43;5;4;1
1,961;5;4;2
2,626;5;4;3
2,583;5;4;4
2,56;5;4;5
1,997;5;4;6
0,493;5;4;7
1,285;5;4;8
0,896;5;4;9
0,268;5;4;10
0,34;5;4;11
1,001;5;4;12
0,343;5;4;13
0,303;5;4;14
0,516;5;4;15
0,441;5;4;16
0,35;5;4;17
0,423;5;4;18
0,384;5;4;19
0,484;5;4;20
0,423;5;4;21
0,736;5;4;22
0,731;5;4;23
1,182;5;4;24
0,391;5;5;1
2,032;5;5;2
2,603;5;5;3
2,616;5;5;4
2,602;5;5;5
0,832;5;5;6
0,686;5;5;7
0,9;5;5;8
0,662;5;5;9
0,566;5;5;10
0,33;5;5;11
0,351;5;5;12
0,303;5;5;13
0,352;5;5;14
0,496;5;5;15
0,428;5;5;16
0,507;5;5;17
0,461;5;5;18
0,281;5;5;19
0,348;5;5;20
0,535;5;5;21
0,884;5;5;22
0,648;5;5;23
0,487;5;5;24
0,598;5;6;1
0,505;5;6;2
0,296;5;6;3
0,39;5;6;4
0,292;5;6;5
0,298;5;6;6
0,328;5;6;7
0,244;5;6;8
0,395;5;6;9
0,232;5;6;10
1,4;5;6;11
2,64;5;6;12
1,858;5;6;13
3,257;5;6;14
3,479;5;6;15
1,538;5;6;16
0,908;5;6;17
0,44;5;6;18
0,244;5;6;19
0,307;5;6;20
0,919;5;6;21
1,785;5;6;22
0,634;5;6;23
0,57;5;6;24
0,475;5;7;1
2,067;5;7;2
2,63;5;7;3
2,574;5;7;4
2,554;5;7;5
0,77;5;7;6
0,265;5;7;7
0,277;5;7;8
0,567;5;7;9
0,556;5;7;10
0,863;5;7;11
0,658;5;7;12
0,908;5;7;13
0,589;5;7;14
0,327;5;7;15
0,358;5;7;16
0,372;5;7;17
0,435;5;7;18
0,396;5;7;19
0,412;5;7;20
0,423;5;7;21
0,646;5;7;22
1,159;5;7;23
0,637;5;7;24
0,561;5;8;1
2,117;5;8;2
2,663;5;8;3
2,626;5;8;4
2,62;5;8;5
0,872;5;8;6
0,747;5;8;7
0,416;5;8;8
0,263;5;8;9
0,289;5;8;10
0,3;5;8;11
0,306;5;8;12
0,399;5;8;13
0,319;5;8;14
0,419;5;8;15
0,519;5;8;16
0,419;5;8;17
0,373;5;8;18
0,445;5;8;19
0,389;5;8;20
0,48;5;8;21
1,43;5;8;22
0,777;5;8;23
0,973;5;8;24
0,955;5;9;1
2,082;5;9;2
2,59;5;9;3
2,63;5;9;4
2,544;5;9;5
0,913;5;9;6
0,625;5;9;7
0,256;5;9;8
0,283;5;9;9
0,332;5;9;10
0,422;5;9;11
0,298;5;9;12
0,686;5;9;13
0,314;5;9;14
0,465;5;9;15
0,343;5;9;16
0,504;5;9;17
0,399;5;9;18
0,549;5;9;19
0,441;5;9;20
0,471;5;9;21
1,772;5;9;22
1,383;5;9;23
1,528;5;9;24
0,44;5;10;1
2,123;5;10;2
2,592;5;10;3
2,605;5;10;4
2,57;5;10;5
1,173;5;10;6
0,886;5;10;7
0,248;5;10;8
0,409;5;10;9
0,288;5;10;10
0,334;5;10;11
0,298;5;10;12
0,309;5;10;13
0,436;5;10;14
0,53;5;10;15
0,501;5;10;16
0,521;5;10;17
0,502;5;10;18
0,394;5;10;19
0,404;5;10;20
0,434;5;10;21
1,783;5;10;22
0,896;5;10;23
0,52;5;10;24
0,39;5;11;1
2,063;5;11;2
2,542;5;11;3
2,532;5;11;4
2,56;5;11;5
0,829;5;11;6
1,524;5;11;7
0,48;5;11;8
0,848;5;11;9
0,288;5;11;10
0,311;5;11;11
0,305;5;11;12
0,302;5;11;13
0,361;5;11;14
0,527;5;11;15
0,477;5;11;16
0,477;5;11;17
0,473;5;11;18
0,399;5;11;19
0,506;5;11;20
0,461;5;11;21
1,257;5;11;22
1,208;5;11;23
0,576;5;11;24
0,497;5;12;1
2,05;5;12;2
2,606;5;12;3
2,498;5;12;4
2,563;5;12;5
1,043;5;12;6
0,78;5;12;7
1,492;5;12;8
0,67;5;12;9
0,373;5;12;10
0,394;5;12;11
0,313;5;12;12
0,426;5;12;13
0,631;5;12;14
0,456;5;12;15
0,357;5;12;16
0,304;5;12;17
0,393;5;12;18
0,419;5;12;19
0,412;5;12;20
0,462;5;12;21
1,506;5;12;22
0,728;5;12;23
1,731;5;12;24
2,804;5;13;1
2,651;5;13;2
2,608;5;13;3
1,09;5;13;4
0,391;5;13;5
0,333;5;13;6
0,333;5;13;7
0,307;5;13;8
0,221;5;13;9
0,464;5;13;10
0,851;5;13;11
1,424;5;13;12
0,584;5;13;13
0,801;5;13;14
0,898;5;13;15
0,525;5;13;16
0,399;5;13;17
0,651;5;13;18
0,545;5;13;19
0,408;5;13;20
0,743;5;13;21
1,437;5;13;22
1,054;5;13;23
1,163;5;13;24
0,39;5;14;1
2,094;5;14;2
2,661;5;14;3
2,586;5;14;4
2,631;5;14;5
0,68;5;14;6
0,435;5;14;7
0,423;5;14;8
1,824;5;14;9
2,626;5;14;10
2,999;5;14;11
2,501;5;14;12
0,704;5;14;13
1,477;5;14;14
0,676;5;14;15
0,374;5;14;16
0,441;5;14;17
0,457;5;14;18
0,47;5;14;19
0,4;5;14;20
0,963;5;14;21
0,538;5;14;22
1,099;5;14;23
0,975;5;14;24
0,683;5;15;1
2,073;5;15;2
2,484;5;15;3
2,499;5;15;4
2,472;5;15;5
0,423;5;15;6
0,418;5;15;7
0,349;5;15;8
0,263;5;15;9
0,29;5;15;10
0,389;5;15;11
0,377;5;15;12
0,319;5;15;13
0,365;5;15;14
1,118;5;15;15
0,666;5;15;16
0,532;5;15;17
0,554;5;15;18
0,417;5;15;19
0,549;5;15;20
0,503;5;15;21
1,175;5;15;22
0,74;5;15;23
0,606;5;15;24
0,51;5;16;1
2,028;5;16;2
2,546;5;16;3
2,531;5;16;4
2,443;5;16;5
2,221;5;16;6
1,298;5;16;7
0,855;5;16;8
0,29;5;16;9
0,306;5;16;10
0,349;5;16;11
0,299;5;16;12
0,288;5;16;13
0,394;5;16;14
0,517;5;16;15
0,42;5;16;16
0,464;5;16;17
0,494;5;16;18
0,483;5;16;19
0,498;5;16;20
0,442;5;16;21
0,939;5;16;22
0,927;5;16;23
1,758;5;16;24
0,361;5;17;1
2,039;5;17;2
2,626;5;17;3
2,535;5;17;4
2,583;5;17;5
1,282;5;17;6
0,72;5;17;7
0,745;5;17;8
0,723;5;17;9
0,262;5;17;10
0,353;5;17;11
0,278;5;17;12
0,434;5;17;13
0,364;5;17;14
0,53;5;17;15
0,528;5;17;16
0,403;5;17;17
0,371;5;17;18
0,403;5;17;19
0,413;5;17;20
0,378;5;17;21
1,083;5;17;22
0,999;5;17;23
0,652;5;17;24
0,475;5;18;1
2,083;5;18;2
2,646;5;18;3
2,514;5;18;4
2,52;5;18;5
1,304;5;18;6
0,759;5;18;7
0,434;5;18;8
0,327;5;18;9
0,283;5;18;10
0,376;5;18;11
0,757;5;18;12
0,584;5;18;13
0,956;5;18;14
0,567;5;18;15
0,585;5;18;16
0,498;5;18;17
0,391;5;18;18
0,462;5;18;19
0,521;5;18;20
0,406;5;18;21
1,145;5;18;22
0,778;5;18;23
0,519;5;18;24
0,464;5;19;1
2,058;5;19;2
2,621;5;19;3
2,615;5;19;4
2,446;5;19;5
1,704;5;19;6
1,656;5;19;7
0,403;5;19;8
0,748;5;19;9
0,334;5;19;10
0,436;5;19;11
0,433;5;19;12
0,426;5;19;13
0,467;5;19;14
0,465;5;19;15
0,358;5;19;16
0,408;5;19;17
0,376;5;19;18
0,341;5;19;19
0,439;5;19;20
0,44;5;19;21
0,757;5;19;22
0,566;5;19;23
0,655;5;19;24
0,971;5;20;1
2,504;5;20;2
2,558;5;20;3
2,56;5;20;4
2,557;5;20;5
0,518;5;20;6
0,239;5;20;7
0,312;5;20;8
0,335;5;20;9
0,357;5;20;10
0,613;5;20;11
0,457;5;20;12
0,412;5;20;13
0,342;5;20;14
1,936;5;20;15
0,497;5;20;16
1,391;5;20;17
0,803;5;20;18
0,891;5;20;19
1,058;5;20;20
0,682;5;20;21
2,038;5;20;22
1,166;5;20;23
0,691;5;20;24
0,566;5;21;1
2,019;5;21;2
2,53;5;21;3
2,484;5;21;4
2,448;5;21;5
0,456;5;21;6
0,255;5;21;7
0,304;5;21;8
0,315;5;21;9
0,579;5;21;10
0,634;5;21;11
0,223;5;21;12
0,382;5;21;13
0,3;5;21;14
0,331;5;21;15
0,282;5;21;16
0,339;5;21;17
0,364;5;21;18
0,586;5;21;19
0,642;5;21;20
0,937;5;21;21
2,205;5;21;22
1,236;5;21;23
1,196;5;21;24
0,587;5;22;1
2,026;5;22;2
2,542;5;22;3
2,466;5;22;4
0,496;5;22;5
0,571;5;22;6
0,834;5;22;7
0,406;5;22;8
0,282;5;22;9
0,315;5;22;10
0,373;5;22;11
0,331;5;22;12
0,333;5;22;13
0,358;5;22;14
0,549;5;22;15
0,528;5;22;16
0,863;5;22;17
0,451;5;22;18
0,477;5;22;19
0,397;5;22;20
0,441;5;22;21
1,699;5;22;22
0,962;5;22;23
0,671;5;22;24
0,515;5;23;1
2,099;5;23;2
2,599;5;23;3
2,561;5;23;4
2,526;5;23;5
0,937;5;23;6
0,789;5;23;7
1,502;5;23;8
0,931;5;23;9
0,38;5;23;10
0,343;5;23;11
0,414;5;23;12
0,67;5;23;13
0,454;5;23;14
0,569;5;23;15
0,474;5;23;16
0,467;5;23;17
0,459;5;23;18
0,528;5;23;19
0,489;5;23;20
1,113;5;23;21
0,89;5;23;22
1,189;5;23;23
1,924;5;23;24
0,688;5;24;1
2,163;5;24;2
2,62;5;24;3
2,544;5;24;4
2,429;5;24;5
0,663;5;24;6
0,902;5;24;7
0,861;5;24;8
0,849;5;24;9
0,331;5;24;10
0,41;5;24;11
0,333;5;24;12
0,232;5;24;13
0,347;5;24;14
0,553;5;24;15
0,471;5;24;16
0,467;5;24;17
0,353;5;24;18
0,601;5;24;19
0,503;5;24;20
0,947;5;24;21
0,907;5;24;22
0,607;5;24;23
0,789;5;24;24
0,564;5;25;1
2,141;5;25;2
2,682;5;25;3
2,538;5;25;4
2,503;5;25;5
0,996;5;25;6
1,182;5;25;7
1,153;5;25;8
0,82;5;25;9
0,364;5;25;10
0,398;5;25;11
0,35;5;25;12
0,296;5;25;13
0,322;5;25;14
0,568;5;25;15
0,46;5;25;16
0,53;5;25;17
0,43;5;25;18
0,414;5;25;19
0,548;5;25;20
0,547;5;25;21
2,169;5;25;22
1,234;5;25;23
0,63;5;25;24
0,426;5;26;1
0,36;5;26;2
0,38;5;26;3
0,296;5;26;4
0,345;5;26;5
0,416;5;26;6
0,345;5;26;7
1,262;5;26;8
0,744;5;26;9
0,3;5;26;10
0,309;5;26;11
0,382;5;26;12
0,491;5;26;13
0,468;5;26;14
0,858;5;26;15
0,509;5;26;16
0,468;5;26;17
0,44;5;26;18
0,543;5;26;19
0,405;5;26;20
0,302;5;26;21
0,53;5;26;22
0,911;5;26;23
0,745;5;26;24
0,534;5;27;1
2,054;5;27;2
2,656;5;27;3
2,532;5;27;4
2,503;5;27;5
0,538;5;27;6
0,302;5;27;7
0,263;5;27;8
0,268;5;27;9
0,575;5;27;10
0,421;5;27;11
0,805;5;27;12
0,526;5;27;13
0,822;5;27;14
0,384;5;27;15
0,654;5;27;16
0,501;5;27;17
0,573;5;27;18
0,517;5;27;19
0,871;5;27;20
0,397;5;27;21
0,381;5;27;22
0,725;5;27;23
0,586;5;27;24
0,639;5;28;1
0,542;5;28;2
0,394;5;28;3
0,318;5;28;4
0,289;5;28;5
0,34;5;28;6
0,288;5;28;7
0,325;5;28;8
0,345;5;28;9
0,405;5;28;10
0,361;5;28;11
0,248;5;28;12
1,04;5;28;13
1,345;5;28;14
1,571;5;28;15
1,064;5;28;16
0,615;5;28;17
1,013;5;28;18
0,461;5;28;19
0,506;5;28;20
0,559;5;28;21
1,986;5;28;22
1,031;5;28;23
0,707;5;28;24
0,681;5;29;1
0,586;5;29;2
0,417;5;29;3
0,362;5;29;4
0,34;5;29;5
0,655;5;29;6
0,477;5;29;7
0,308;5;29;8
0,297;5;29;9
0,306;5;29;10
0,489;5;29;11
0,362;5;29;12
0,377;5;29;13
0,47;5;29;14
0,62;5;29;15
0,473;5;29;16
0,456;5;29;17
0,421;5;29;18
0,498;5;29;19
0,555;5;29;20
0,614;5;29;21
1,494;5;29;22
0,926;5;29;23
1,247;5;29;24
0,804;5;30;1
2,147;5;30;2
2,566;5;30;3
2,61;5;30;4
2,479;5;30;5
1,63;5;30;6
1,985;5;30;7
0,904;5;30;8
0,318;5;30;9
0,232;5;30;10
0,373;5;30;11
0,332;5;30;12
0,426;5;30;13
0,402;5;30;14
0,416;5;30;15
0,425;5;30;16
0,379;5;30;17
0,391;5;30;18
0,413;5;30;19
0,599;5;30;20
0,514;5;30;21
0,879;5;30;22
0,829;5;30;23
0,514;5;30;24
0,509;5;31;1
1,995;5;31;2
2,5;5;31;3
2,515;5;31;4
2,526;5;31;5
1,12;5;31;6
0,521;5;31;7
0,416;5;31;8
0,458;5;31;9
0,23;5;31;10
0,274;5;31;11
0,288;5;31;12
0,286;5;31;13
0,439;5;31;14
0,357;5;31;15
0,418;5;31;16
0,348;5;31;17
0,404;5;31;18
0,374;5;31;19
0,464;5;31;20
0,595;5;31;21
0,99;5;31;22
1,801;5;31;23
3,258;5;31;24
0,501;6;1;1
2,076;6;1;2
2,631;6;1;3
2,689;6;1;4
2,609;6;1;5
0,856;6;1;6
0,797;6;1;7
0,24;6;1;8
0,288;6;1;9
0,275;6;1;10
0,382;6;1;11
0,511;6;1;12
0,33;6;1;13
0,362;6;1;14
0,511;6;1;15
0,357;6;1;16
0,478;6;1;17
0,413;6;1;18
0,486;6;1;19
0,54;6;1;20
0,904;6;1;21
1,861;6;1;22
0,726;6;1;23
0,678;6;1;24
0,495;6;2;1
2,082;6;2;2
2,646;6;2;3
2,562;6;2;4
2,437;6;2;5
1,976;6;2;6
1,563;6;2;7
0,816;6;2;8
0,207;6;2;9
0,272;6;2;10
0,482;6;2;11
0,344;6;2;12
0,396;6;2;13
0,45;6;2;14
0,477;6;2;15
0,444;6;2;16
0,458;6;2;17
0,494;6;2;18
0,432;6;2;19
0,463;6;2;20
0,511;6;2;21
1,247;6;2;22
0,591;6;2;23
0,491;6;2;24
0,379;6;3;1
2,112;6;3;2
2,602;6;3;3
2,493;6;3;4
2,529;6;3;5
0,654;6;3;6
0,287;6;3;7
0,226;6;3;8
0,279;6;3;9
0,539;6;3;10
0,376;6;3;11
0,326;6;3;12
0,56;6;3;13
3,232;6;3;14
1,089;6;3;15
0,534;6;3;16
1,123;6;3;17
1,131;6;3;18
0,507;6;3;19
0,446;6;3;20
0,486;6;3;21
2,043;6;3;22
0,65;6;3;23
0,63;6;3;24
0,444;6;4;1
0,46;6;4;2
0,385;6;4;3
0,438;6;4;4
0,35;6;4;5
0,282;6;4;6
0,33;6;4;7
0,265;6;4;8
0,459;6;4;9
0,337;6;4;10
1,68;6;4;11
0,67;6;4;12
0,975;6;4;13
0,42;6;4;14
1,252;6;4;15
1,269;6;4;16
0,985;6;4;17
0,542;6;4;18
0,852;6;4;19
0,483;6;4;20
0,328;6;4;21
0,894;6;4;22
1,136;6;4;23
1,129;6;4;24
0,473;6;5;1
0,508;6;5;2
0,362;6;5;3
0,299;6;5;4
0,38;6;5;5
1,6;6;5;6
1,328;6;5;7
0,33;6;5;8
0,266;6;5;9
0,311;6;5;10
0,443;6;5;11
0,367;6;5;12
0,287;6;5;13
0,594;6;5;14
0,724;6;5;15
0,413;6;5;16
0,473;6;5;17
0,441;6;5;18
0,473;6;5;19
0,44;6;5;20
0,417;6;5;21
0,461;6;5;22
0,874;6;5;23
0,696;6;5;24
0,612;6;6;1
2,124;6;6;2
2,644;6;6;3
2,677;6;6;4
2,672;6;6;5
0,969;6;6;6
1,01;6;6;7
0,903;6;6;8
0,324;6;6;9
0,267;6;6;10
0,384;6;6;11
0,452;6;6;12
0,385;6;6;13
0,469;6;6;14
0,651;6;6;15
0,48;6;6;16
0,345;6;6;17
0,449;6;6;18
0,35;6;6;19
0,476;6;6;20
1,66;6;6;21
1,052;6;6;22
0,647;6;6;23
0,517;6;6;24
0,371;6;7;1
2,101;6;7;2
2,602;6;7;3
2,531;6;7;4
2,552;6;7;5
2,07;6;7;6
1,214;6;7;7
0,428;6;7;8
0,679;6;7;9
0,38;6;7;10
0,431;6;7;11
0,402;6;7;12
0,419;6;7;13
0,457;6;7;14
0,466;6;7;15
0,49;6;7;16
0,442;6;7;17
0,355;6;7;18
0,423;6;7;19
0,386;6;7;20
0,738;6;7;21
1,996;6;7;22
0,668;6;7;23
0,538;6;7;24
0,409;6;8;1
2,122;6;8;2
2,663;6;8;3
2,577;6;8;4
2,555;6;8;5
2,128;6;8;6
1,491;6;8;7
0,807;6;8;8
0,29;6;8;9
0,436;6;8;10
0,378;6;8;11
0,4;6;8;12
0,483;6;8;13
0,419;6;8;14
0,503;6;8;15
0,36;6;8;16
0,509;6;8;17
0,376;6;8;18
0,43;6;8;19
0,558;6;8;20
0,621;6;8;21
1,591;6;8;22
0,584;6;8;23
0,565;6;8;24
0,354;6;9;1
2,031;6;9;2
2,566;6;9;3
2,572;6;9;4
2,528;6;9;5
0,567;6;9;6
0,753;6;9;7
0,511;6;9;8
0,301;6;9;9
0,453;6;9;10
0,363;6;9;11
0,827;6;9;12
0,542;6;9;13
0,62;6;9;14
1,136;6;9;15
0,712;6;9;16
0,411;6;9;17
0,329;6;9;18
0,47;6;9;19
0,455;6;9;20
0,461;6;9;21
1,028;6;9;22
0,677;6;9;23
0,548;6;9;24
0,919;6;10;1
2,28;6;10;2
2,972;6;10;3
2,624;6;10;4
2,106;6;10;5
0,287;6;10;6
0,299;6;10;7
0,279;6;10;8
0,281;6;10;9
0,464;6;10;10
0,804;6;10;11
0,362;6;10;12
0,258;6;10;13
0,828;6;10;14
2,006;6;10;15
0,593;6;10;16
0,474;6;10;17
0,46;6;10;18
0,456;6;10;19
1,183;6;10;20
0,929;6;10;21
1,426;6;10;22
1,247;6;10;23
0,905;6;10;24
1,121;6;11;1
0,51;6;11;2
0,396;6;11;3
0,418;6;11;4
0,384;6;11;5
0,318;6;11;6
0,286;6;11;7
0,269;6;11;8
0,324;6;11;9
0,346;6;11;10
0,477;6;11;11
1,185;6;11;12
1,765;6;11;13
2,146;6;11;14
1,278;6;11;15
1,213;6;11;16
1,286;6;11;17
1,255;6;11;18
1,28;6;11;19
1,221;6;11;20
2,613;6;11;21
1,676;6;11;22
0,911;6;11;23
1,242;6;11;24
1,234;6;12;1
2,11;6;12;2
2,678;6;12;3
2,576;6;12;4
0,878;6;12;5
0,479;6;12;6
0,813;6;12;7
0,398;6;12;8
0,263;6;12;9
0,268;6;12;10
0,395;6;12;11
0,345;6;12;12
0,424;6;12;13
0,41;6;12;14
0,579;6;12;15
0,411;6;12;16
0,843;6;12;17
1,224;6;12;18
1,299;6;12;19
1,09;6;12;20
1,305;6;12;21
0,993;6;12;22
0,579;6;12;23
0,753;6;12;24
0,648;6;13;1
2,128;6;13;2
2,527;6;13;3
2,618;6;13;4
2,633;6;13;5
1,085;6;13;6
0,726;6;13;7
0,35;6;13;8
0,518;6;13;9
0,266;6;13;10
0,372;6;13;11
0,316;6;13;12
0,319;6;13;13
0,302;6;13;14
0,582;6;13;15
0,367;6;13;16
0,445;6;13;17
0,498;6;13;18
0,522;6;13;19
0,989;6;13;20
1,231;6;13;21
1,775;6;13;22
1,431;6;13;23
1,269;6;13;24
1,128;6;14;1
2,854;6;14;2
3,386;6;14;3
3,301;6;14;4
3,326;6;14;5
1,915;6;14;6
1,941;6;14;7
0,924;6;14;8
0,255;6;14;9
0,27;6;14;10
0,426;6;14;11
0,314;6;14;12
0,271;6;14;13
0,734;6;14;14
0,552;6;14;15
0,353;6;14;16
0,496;6;14;17
0,509;6;14;18
0,446;6;14;19
0,849;6;14;20
1,328;6;14;21
1,167;6;14;22
1,011;6;14;23
0,498;6;14;24
0,489;6;15;1
2,096;6;15;2
2,862;6;15;3
2,689;6;15;4
2,606;6;15;5
2,302;6;15;6
1,571;6;15;7
0,419;6;15;8
0,263;6;15;9
0,385;6;15;10
0,86;6;15;11
0,817;6;15;12
0,27;6;15;13
0,368;6;15;14
0,451;6;15;15
1,322;6;15;16
1,335;6;15;17
1,349;6;15;18
1,334;6;15;19
1,335;6;15;20
1,297;6;15;21
1,584;6;15;22
1,432;6;15;23
1,467;6;15;24
1,329;6;16;1
3,076;6;16;2
3,506;6;16;3
3,297;6;16;4
3,278;6;16;5
1,397;6;16;6
1,063;6;16;7
0,532;6;16;8
0,668;6;16;9
0,378;6;16;10
0,448;6;16;11
0,839;6;16;12
0,676;6;16;13
0,834;6;16;14
0,985;6;16;15
1,186;6;16;16
0,733;6;16;17
0,427;6;16;18
0,486;6;16;19
0,697;6;16;20
0,41;6;16;21
2,376;6;16;22
0,68;6;16;23
0,618;6;16;24
1,264;6;17;1
3,0;6;17;2
3,177;6;17;3
2,986;6;17;4
2,824;6;17;5
1,027;6;17;6
0,397;6;17;7
0,374;6;17;8
0,427;6;17;9
0,856;6;17;10
1,529;6;17;11
1,419;6;17;12
1,849;6;17;13
3,498;6;17;14
2,526;6;17;15
1,382;6;17;16
0,825;6;17;17
0,535;6;17;18
0,506;6;17;19
0,46;6;17;20
0,45;6;17;21
2,665;6;17;22
0,974;6;17;23
1,026;6;17;24
0,505;6;18;1
2,131;6;18;2
2,701;6;18;3
2,615;6;18;4
2,662;6;18;5
0,584;6;18;6
0,321;6;18;7
0,268;6;18;8
0,436;6;18;9
0,727;6;18;10
0,969;6;18;11
0,804;6;18;12
0,968;6;18;13
0,888;6;18;14
2,239;6;18;15
0,559;6;18;16
0,532;6;18;17
0,559;6;18;18
0,683;6;18;19
0,923;6;18;20
1,619;6;18;21
2,962;6;18;22
1,98;6;18;23
1,197;6;18;24
0,765;6;19;1
0,641;6;19;2
0,533;6;19;3
0,353;6;19;4
0,487;6;19;5
0,503;6;19;6
0,486;6;19;7
0,271;6;19;8
0,347;6;19;9
0,241;6;19;10
0,427;6;19;11
0,299;6;19;12
0,422;6;19;13
0,599;6;19;14
0,557;6;19;15
0,505;6;19;16
0,446;6;19;17
0,419;6;19;18
0,488;6;19;19
0,449;6;19;20
0,618;6;19;21
1,059;6;19;22
0,886;6;19;23
0,689;6;19;24
0,477;6;20;1
2,188;6;20;2
2,692;6;20;3
2,613;6;20;4
2,618;6;20;5
1,298;6;20;6
1,474;6;20;7
0,653;6;20;8
0,551;6;20;9
0,229;6;20;10
0,452;6;20;11
0,332;6;20;12
0,305;6;20;13
0,42;6;20;14
0,653;6;20;15
0,497;6;20;16
0,471;6;20;17
0,421;6;20;18
0,398;6;20;19
0,515;6;20;20
0,463;6;20;21
1,849;6;20;22
1,588;6;20;23
0,691;6;20;24
0,56;6;21;1
2,335;6;21;2
2,718;6;21;3
2,635;6;21;4
2,565;6;21;5
0,966;6;21;6
0,66;6;21;7
0,268;6;21;8
0,822;6;21;9
0,898;6;21;10
0,386;6;21;11
0,231;6;21;12
0,399;6;21;13
0,383;6;21;14
0,616;6;21;15
0,763;6;21;16
1,42;6;21;17
1,327;6;21;18
1,772;6;21;19
2,169;6;21;20
0,816;6;21;21
1,221;6;21;22
0,817;6;21;23
0,743;6;21;24
0,664;6;22;1
2,197;6;22;2
2,763;6;22;3
2,633;6;22;4
2,492;6;22;5
2,144;6;22;6
1,253;6;22;7
0,269;6;22;8
0,283;6;22;9
0,281;6;22;10
0,402;6;22;11
0,259;6;22;12
0,34;6;22;13
0,388;6;22;14
0,432;6;22;15
0,545;6;22;16
1,214;6;22;17
1,366;6;22;18
1,312;6;22;19
1,45;6;22;20
1,327;6;22;21
1,37;6;22;22
1,492;6;22;23
1,638;6;22;24
1,025;6;23;1
2,466;6;23;2
2,574;6;23;3
2,593;6;23;4
2,562;6;23;5
0,859;6;23;6
0,798;6;23;7
0,306;6;23;8
0,271;6;23;9
0,303;6;23;10
0,499;6;23;11
0,425;6;23;12
0,396;6;23;13
0,42;6;23;14
1,149;6;23;15
1,31;6;23;16
1,221;6;23;17
1,365;6;23;18
1,403;6;23;19
1,227;6;23;20
1,235;6;23;21
2,098;6;23;22
1,34;6;23;23
0,592;6;23;24
0,936;6;24;1
0,929;6;24;2
0,655;6;24;3
0,611;6;24;4
0,476;6;24;5
0,459;6;24;6
0,341;6;24;7
0,441;6;24;8
0,47;6;24;9
0,505;6;24;10
1,166;6;24;11
1,202;6;24;12
1,465;6;24;13
1,553;6;24;14
1,465;6;24;15
1,667;6;24;16
1,666;6;24;17
1,692;6;24;18
1,1;6;24;19
0,976;6;24;20
1,151;6;24;21
1,449;6;24;22
1,844;6;24;23
1,442;6;24;24
1,41;6;25;1
0,744;6;25;2
0,758;6;25;3
0,665;6;25;4
0,546;6;25;5
0,508;6;25;6
0,38;6;25;7
0,439;6;25;8
0,379;6;25;9
0,557;6;25;10
1,039;6;25;11
1,447;6;25;12
1,467;6;25;13
1,782;6;25;14
1,928;6;25;15
1,9;6;25;16
2,229;6;25;17
1,863;6;25;18
1,132;6;25;19
1,826;6;25;20
1,027;6;25;21
0,831;6;25;22
0,685;6;25;23
1,625;6;25;24
3,0;6;26;1
2,841;6;26;2
2,546;6;26;3
2,309;6;26;4
0,863;6;26;5
0,521;6;26;6
0,549;6;26;7
0,447;6;26;8
0,801;6;26;9
0,882;6;26;10
0,604;6;26;11
0,361;6;26;12
0,673;6;26;13
1,017;6;26;14
1,081;6;26;15
1,051;6;26;16
1,094;6;26;17
2,283;6;26;18
2,838;6;26;19
2,764;6;26;20
2,831;6;26;21
3,083;6;26;22
0,902;6;26;23
0,625;6;26;24
0,644;6;27;1
2,243;6;27;2
2,679;6;27;3
2,639;6;27;4
2,508;6;27;5
1,422;6;27;6
1,407;6;27;7
0,847;6;27;8
0,273;6;27;9
0,409;6;27;10
0,451;6;27;11
0,356;6;27;12
0,511;6;27;13
1,375;6;27;14
0,945;6;27;15
1,487;6;27;16
3,981;6;27;17
4,089;6;27;18
2,666;6;27;19
2,62;6;27;20
1,864;6;27;21
3,076;6;27;22
2,256;6;27;23
1,127;6;27;24
1,112;6;28;1
2,595;6;28;2
2,912;6;28;3
2,834;6;28;4
3,04;6;28;5
1,679;6;28;6
0,752;6;28;7
0,513;6;28;8
1,012;6;28;9
0,686;6;28;10
0,679;6;28;11
0,391;6;28;12
0,329;6;28;13
0,375;6;28;14
0,343;6;28;15
0,446;6;28;16
1,92;6;28;17
2,142;6;28;18
3,8;6;28;19
2,381;6;28;20
2,99;6;28;21
1,021;6;28;22
1,958;6;28;23
1,802;6;28;24
1,221;6;29;1
3,108;6;29;2
3,506;6;29;3
3,477;6;29;4
3,362;6;29;5
0,929;6;29;6
0,734;6;29;7
0,338;6;29;8
0,385;6;29;9
0,365;6;29;10
0,491;6;29;11
0,645;6;29;12
0,735;6;29;13
0,775;6;29;14
0,91;6;29;15
0,85;6;29;16
1,034;6;29;17
1,948;6;29;18
1,299;6;29;19
1,027;6;29;20
0,667;6;29;21
0,746;6;29;22
0,848;6;29;23
0,638;6;29;24
1,198;6;30;1
2,94;6;30;2
2,706;6;30;3
2,589;6;30;4
2,715;6;30;5
1,193;6;30;6
1,438;6;30;7
0,277;6;30;8
0,286;6;30;9
0,373;6;30;10
0,4;6;30;11
0,321;6;30;12
0,332;6;30;13
0,587;6;30;14
0,521;6;30;15
0,407;6;30;16
0,724;6;30;17
1,534;6;30;18
0,604;6;30;19
0,594;6;30;20
0,519;6;30;21
0,543;6;30;22
1,473;6;30;23
0,633;6;30;24
2,629;7;1;1
3,907;7;1;2
2,674;7;1;3
2,597;7;1;4
1,735;7;1;5
0,365;7;1;6
0,328;7;1;7
0,668;7;1;8
0,424;7;1;9
0,478;7;1;10
0,372;7;1;11
0,528;7;1;12
1,69;7;1;13
1,375;7;1;14
1,924;7;1;15
1,509;7;1;16
1,42;7;1;17
1,506;7;1;18
1,479;7;1;19
2,296;7;1;20
1,03;7;1;21
0,604;7;1;22
1,157;7;1;23
1,208;7;1;24
0,719;7;2;1
0,482;7;2;2
0,298;7;2;3
0,361;7;2;4
0,275;7;2;5
0,392;7;2;6
0,348;7;2;7
0,311;7;2;8
0,239;7;2;9
0,464;7;2;10
0,592;7;2;11
1,401;7;2;12
1,551;7;2;13
1,349;7;2;14
1,938;7;2;15
1,845;7;2;16
1,518;7;2;17
2,186;7;2;18
1,595;7;2;19
1,486;7;2;20
1,784;7;2;21
1,984;7;2;22
1,414;7;2;23
1,349;7;2;24
0,578;7;3;1
0,541;7;3;2
0,43;7;3;3
0,4;7;3;4
0,406;7;3;5
0,554;7;3;6
0,861;7;3;7
0,386;7;3;8
0,285;7;3;9
0,476;7;3;10
0,445;7;3;11
0,477;7;3;12
0,592;7;3;13
0,66;7;3;14
0,551;7;3;15
0,551;7;3;16
0,436;7;3;17
0,386;7;3;18
0,516;7;3;19
0,698;7;3;20
0,598;7;3;21
1,248;7;3;22
0,788;7;3;23
1,926;7;3;24
1,481;7;4;1
2,574;7;4;2
2,68;7;4;3
2,574;7;4;4
1,521;7;4;5
0,428;7;4;6
0,553;7;4;7
0,372;7;4;8
0,444;7;4;9
0,885;7;4;10
1,022;7;4;11
0,381;7;4;12
0,333;7;4;13
0,54;7;4;14
0,393;7;4;15
0,428;7;4;16
0,479;7;4;17
1,345;7;4;18
1,312;7;4;19
1,493;7;4;20
1,29;7;4;21
1,82;7;4;22
1,247;7;4;23
0,765;7;4;24
1,517;7;5;1
3,05;7;5;2
3,525;7;5;3
3,435;7;5;4
1,924;7;5;5
0,643;7;5;6
0,998;7;5;7
0,882;7;5;8
0,328;7;5;9
0,397;7;5;10
0,372;7;5;11
0,416;7;5;12
0,445;7;5;13
0,495;7;5;14
0,585;7;5;15
0,487;7;5;16
0,723;7;5;17
1,213;7;5;18
1,168;7;5;19
1,167;7;5;20
0,946;7;5;21
2,049;7;5;22
1,017;7;5;23
0,972;7;5;24
2,406;7;6;1
3,826;7;6;2
3,813;7;6;3
3,501;7;6;4
2,302;7;6;5
0,453;7;6;6
1,167;7;6;7
0,833;7;6;8
0,285;7;6;9
0,511;7;6;10
0,503;7;6;11
0,468;7;6;12
0,539;7;6;13
0,604;7;6;14
0,61;7;6;15
0,77;7;6;16
0,866;7;6;17
1,036;7;6;18
0,923;7;6;19
1,334;7;6;20
0,912;7;6;21
2,926;7;6;22
1,972;7;6;23
1,495;7;6;24
1,587;7;7;1
2,968;7;7;2
2,891;7;7;3
2,795;7;7;4
1,816;7;7;5
0,622;7;7;6
0,383;7;7;7
0,425;7;7;8
0,367;7;7;9
0,507;7;7;10
1,04;7;7;11
1,15;7;7;12
0,802;7;7;13
0,896;7;7;14
1,169;7;7;15
1,194;7;7;16
1,169;7;7;17
0,993;7;7;18
1,588;7;7;19
2,016;7;7;20
1,825;7;7;21
1,783;7;7;22
1,891;7;7;23
1,266;7;7;24
0,838;7;8;1
0,904;7;8;2
2,394;7;8;3
2,935;7;8;4
2,808;7;8;5
2,702;7;8;6
0,685;7;8;7
0,306;7;8;8
0,437;7;8;9
0,466;7;8;10
0,336;7;8;11
0,474;7;8;12
0,855;7;8;13
1,193;7;8;14
0,707;7;8;15
0,731;7;8;16
0,778;7;8;17
0,838;7;8;18
1,373;7;8;19
2,027;7;8;20
1,892;7;8;21
1,916;7;8;22
2,049;7;8;23
1,709;7;8;24
1,195;7;9;1
0,659;7;9;2
0,568;7;9;3
0,422;7;9;4
0,453;7;9;5
0,304;7;9;6
0,409;7;9;7
0,533;7;9;8
0,545;7;9;9
0,364;7;9;10
0,531;7;9;11
0,508;7;9;12
0,629;7;9;13
0,732;7;9;14
0,991;7;9;15
1,064;7;9;16
1,079;7;9;17
1,163;7;9;18
1,946;7;9;19
2,283;7;9;20
1,95;7;9;21
1,327;7;9;22
1,168;7;9;23
0,863;7;9;24
1,635;7;10;1
3,088;7;10;2
2,93;7;10;3
2,813;7;10;4
1,759;7;10;5
0,676;7;10;6
1,1;7;10;7
0,868;7;10;8
0,651;7;10;9
0,421;7;10;10
0,586;7;10;11
0,5;7;10;12
0,751;7;10;13
0,968;7;10;14
1,051;7;10;15
1,149;7;10;16
4,028;7;10;17
2,365;7;10;18
2,369;7;10;19
2,138;7;10;20
2,729;7;10;21
4,164;7;10;22
2,153;7;10;23
1,253;7;10;24
1,82;7;11;1
3,265;7;11;2
3,171;7;11;3
3,052;7;11;4
2,748;7;11;5
2,702;7;11;6
0,967;7;11;7
0,922;7;11;8
0,783;7;11;9
0,795;7;11;10
0,764;7;11;11
0,817;7;11;12
0,845;7;11;13
1,114;7;11;14
1,145;7;11;15
1,318;7;11;16
3,259;7;11;17
2,13;7;11;18
1,436;7;11;19
1,194;7;11;20
1,39;7;11;21
4,072;7;11;22
2,072;7;11;23
1,558;7;11;24
1,853;7;12;1
3,081;7;12;2
3,035;7;12;3
2,859;7;12;4
2,142;7;12;5
1,307;7;12;6
0,896;7;12;7
0,857;7;12;8
0,453;7;12;9
0,332;7;12;10
0,551;7;12;11
0,538;7;12;12
0,486;7;12;13
0,775;7;12;14
1,005;7;12;15
0,852;7;12;16
0,891;7;12;17
2,922;7;12;18
1,818;7;12;19
1,797;7;12;20
1,728;7;12;21
1,854;7;12;22
2,049;7;12;23
1,758;7;12;24
1,498;7;13;1
2,812;7;13;2
2,747;7;13;3
2,674;7;13;4
1,691;7;13;5
0,619;7;13;6
0,675;7;13;7
0,477;7;13;8
0,373;7;13;9
0,421;7;13;10
0,448;7;13;11
0,478;7;13;12
0,657;7;13;13
1,16;7;13;14
1,4;7;13;15
1,039;7;13;16
1,095;7;13;17
1,073;7;13;18
0,901;7;13;19
0,935;7;13;20
0,891;7;13;21
0,833;7;13;22
0,943;7;13;23
0,966;7;13;24
0,828;7;14;1
0,742;7;14;2
0,642;7;14;3
0,655;7;14;4
0,465;7;14;5
0,511;7;14;6
0,428;7;14;7
0,376;7;14;8
0,43;7;14;9
0,376;7;14;10
0,49;7;14;11
0,525;7;14;12
0,581;7;14;13
0,883;7;14;14
1,012;7;14;15
0,846;7;14;16
0,725;7;14;17
0,899;7;14;18
0,943;7;14;19
0,857;7;14;20
0,973;7;14;21
1,095;7;14;22
1,777;7;14;23
1,891;7;14;24
1,762;7;15;1
1,621;7;15;2
1,501;7;15;3
0,581;7;15;4
0,621;7;15;5
0,59;7;15;6
0,57;7;15;7
0,479;7;15;8
0,508;7;15;9
0,413;7;15;10
0,376;7;15;11
0,479;7;15;12
0,636;7;15;13
0,416;7;15;14
0,642;7;15;15
0,592;7;15;16
0,832;7;15;17
1,516;7;15;18
1,717;7;15;19
1,562;7;15;20
1,717;7;15;21
1,475;7;15;22
1,624;7;15;23
1,477;7;15;24
0,672;7;16;1
0,498;7;16;2
0,439;7;16;3
0,344;7;16;4
0,465;7;16;5
0,331;7;16;6
0,4;7;16;7
0,303;7;16;8
0,411;7;16;9
0,278;7;16;10
0,586;7;16;11
0,457;7;16;12
0,529;7;16;13
0,587;7;16;14
0,83;7;16;15
1,821;7;16;16
1,808;7;16;17
1,747;7;16;18
1,875;7;16;19
1,829;7;16;20
1,515;7;16;21
1,037;7;16;22
1,7;7;16;23
1,65;7;16;24
1,595;7;17;1
2,788;7;17;2
2,716;7;17;3
2,627;7;17;4
2,306;7;17;5
0,853;7;17;6
0,749;7;17;7
0,884;7;17;8
0,597;7;17;9
0,282;7;17;10
0,553;7;17;11
0,576;7;17;12
0,55;7;17;13
0,758;7;17;14
1,084;7;17;15
1,286;7;17;16
3,271;7;17;17
4,127;7;17;18
2,113;7;17;19
3,755;7;17;20
2,917;7;17;21
3,822;7;17;22
2,379;7;17;23
1,286;7;17;24
1,725;7;18;1
3,073;7;18;2
3,029;7;18;3
2,837;7;18;4
2,767;7;18;5
1,259;7;18;6
1,323;7;18;7
0,991;7;18;8
0,502;7;18;9
0,508;7;18;10
0,755;7;18;11
0,599;7;18;12
0,935;7;18;13
1,081;7;18;14
1,141;7;18;15
1,139;7;18;16
1,081;7;18;17
1,092;7;18;18
1,634;7;18;19
2,666;7;18;20
2,598;7;18;21
4,226;7;18;22
2,715;7;18;23
1,927;7;18;24
2,544;7;19;1
3,956;7;19;2
3,292;7;19;3
2,929;7;19;4
2,786;7;19;5
2,561;7;19;6
0,901;7;19;7
0,545;7;19;8
0,625;7;19;9
0,539;7;19;10
1,014;7;19;11
0,805;7;19;12
0,967;7;19;13
0,995;7;19;14
1,177;7;19;15
1,149;7;19;16
1,137;7;19;17
1,451;7;19;18
1,826;7;19;19
1,948;7;19;20
2,137;7;19;21
2,167;7;19;22
1,972;7;19;23
1,235;7;19;24
1,042;7;20;1
0,916;7;20;2
0,963;7;20;3
0,772;7;20;4
0,598;7;20;5
0,797;7;20;6
0,803;7;20;7
0,937;7;20;8
0,975;7;20;9
0,503;7;20;10
0,608;7;20;11
0,554;7;20;12
0,827;7;20;13
0,863;7;20;14
1,184;7;20;15
0,994;7;20;16
1,11;7;20;17
0,922;7;20;18
0,932;7;20;19
0,883;7;20;20
0,82;7;20;21
2,081;7;20;22
1,864;7;20;23
1,479;7;20;24
1,599;7;21;1
2,858;7;21;2
2,815;7;21;3
2,762;7;21;4
1,981;7;21;5
0,61;7;21;6
0,775;7;21;7
0,518;7;21;8
0,433;7;21;9
0,49;7;21;10
0,499;7;21;11
0,506;7;21;12
0,665;7;21;13
0,705;7;21;14
1,589;7;21;15
1,672;7;21;16
1,675;7;21;17
3,889;7;21;18
2,787;7;21;19
2,859;7;21;20
2,488;7;21;21
2,703;7;21;22
2,246;7;21;23
0,947;7;21;24
1,379;7;22;1
2,753;7;22;2
2,629;7;22;3
2,727;7;22;4
1,522;7;22;5
0,429;7;22;6
0,535;7;22;7
1,291;7;22;8
1,061;7;22;9
0,596;7;22;10
0,759;7;22;11
1,578;7;22;12
1,259;7;22;13
1,478;7;22;14
1,652;7;22;15
1,695;7;22;16
1,204;7;22;17
1,039;7;22;18
1,539;7;22;19
1,627;7;22;20
2,123;7;22;21
2,507;7;22;22
0,923;7;22;23
0,869;7;22;24
0,562;7;23;1
0,488;7;23;2
0,482;7;23;3
0,482;7;23;4
0,439;7;23;5
0,383;7;23;6
0,444;7;23;7
0,336;7;23;8
0,596;7;23;9
0,341;7;23;10
0,543;7;23;11
0,987;7;23;12
1,101;7;23;13
1,087;7;23;14
1,435;7;23;15
1,765;7;23;16
1,208;7;23;17
1,432;7;23;18
1,703;7;23;19
1,596;7;23;20
0,967;7;23;21
1,03;7;23;22
1,0;7;23;23
1,042;7;23;24
2,123;7;24;1
3,402;7;24;2
2,877;7;24;3
2,76;7;24;4
1,967;7;24;5
0,74;7;24;6
1,032;7;24;7
0,503;7;24;8
0,341;7;24;9
0,426;7;24;10
0,408;7;24;11
0,518;7;24;12
0,578;7;24;13
0,704;7;24;14
0,795;7;24;15
0,798;7;24;16
0,884;7;24;17
0,821;7;24;18
1,501;7;24;19
1,556;7;24;20
1,406;7;24;21
1,848;7;24;22
1,445;7;24;23
0,941;7;24;24
1,648;7;25;1
2,765;7;25;2
2,766;7;25;3
2,684;7;25;4
1,895;7;25;5
0,512;7;25;6
0,721;7;25;7
0,299;7;25;8
0,386;7;25;9
0,381;7;25;10
0,494;7;25;11
0,298;7;25;12
0,467;7;25;13
0,559;7;25;14
0,706;7;25;15
0,771;7;25;16
0,741;7;25;17
0,823;7;25;18
0,883;7;25;19
1,036;7;25;20
0,832;7;25;21
2,328;7;25;22
1,605;7;25;23
1,29;7;25;24
1,441;7;26;1
2,853;7;26;2
2,79;7;26;3
2,697;7;26;4
1,948;7;26;5
0,563;7;26;6
1,264;7;26;7
0,98;7;26;8
0,423;7;26;9
0,349;7;26;10
0,545;7;26;11
0,411;7;26;12
0,591;7;26;13
0,708;7;26;14
0,798;7;26;15
0,685;7;26;16
0,79;7;26;17
1,034;7;26;18
1,662;7;26;19
2,531;7;26;20
2,186;7;26;21
2,521;7;26;22
1,297;7;26;23
1,474;7;26;24
1,814;7;27;1
3,149;7;27;2
3,076;7;27;3
2,937;7;27;4
1,723;7;27;5
0,618;7;27;6
0,977;7;27;7
0,853;7;27;8
0,931;7;27;9
0,834;7;27;10
0,715;7;27;11
0,559;7;27;12
0,652;7;27;13
1,179;7;27;14
1,121;7;27;15
0,952;7;27;16
0,883;7;27;17
1,054;7;27;18
1,632;7;27;19
2,311;7;27;20
1,828;7;27;21
2,815;7;27;22
1,823;7;27;23
1,871;7;27;24
1,802;7;28;1
3,02;7;28;2
3,587;7;28;3
3,536;7;28;4
3,505;7;28;5
2,524;7;28;6
0,783;7;28;7
0,415;7;28;8
0,634;7;28;9
0,435;7;28;10
0,511;7;28;11
0,666;7;28;12
0,673;7;28;13
0,639;7;28;14
0,752;7;28;15
0,684;7;28;16
0,753;7;28;17
0,903;7;28;18
0,948;7;28;19
1,044;7;28;20
1,102;7;28;21
0,974;7;28;22
1,666;7;28;23
1,904;7;28;24
2,432;7;29;1
3,798;7;29;2
2,959;7;29;3
2,848;7;29;4
2,063;7;29;5
0,579;7;29;6
0,55;7;29;7
0,573;7;29;8
0,636;7;29;9
0,644;7;29;10
0,661;7;29;11
1,494;7;29;12
1,656;7;29;13
2,121;7;29;14
1,917;7;29;15
3,358;7;29;16
2,517;7;29;17
2,321;7;29;18
1,687;7;29;19
1,806;7;29;20
2,058;7;29;21
2,351;7;29;22
1,28;7;29;23
1,437;7;29;24
2,526;7;30;1
3,463;7;30;2
3,038;7;30;3
2,908;7;30;4
2,746;7;30;5
1,251;7;30;6
0,564;7;30;7
0,488;7;30;8
0,651;7;30;9
0,529;7;30;10
1,0;7;30;11
0,884;7;30;12
1,934;7;30;13
2,167;7;30;14
1,995;7;30;15
2,944;7;30;16
2,353;7;30;17
2,455;7;30;18
2,825;7;30;19
2,533;7;30;20
1,895;7;30;21
2,382;7;30;22
1,929;7;30;23
1,287;7;30;24
1,723;7;31;1
3,186;7;31;2
3,014;7;31;3
2,919;7;31;4
2,394;7;31;5
1,233;7;31;6
0,828;7;31;7
0,476;7;31;8
0,616;7;31;9
0,49;7;31;10
0,571;7;31;11
0,672;7;31;12
0,727;7;31;13
0,821;7;31;14
1,171;7;31;15
1,917;7;31;16
1,411;7;31;17
1,658;7;31;18
1,804;7;31;19
1,891;7;31;20
1,783;7;31;21
1,925;7;31;22
1,243;7;31;23
1,2;7;31;24
2,592;8;1;1
3,791;8;1;2
3,023;8;1;3
3,008;8;1;4
2,739;8;1;5
1,37;8;1;6
0,67;8;1;7
0,545;8;1;8
0,428;8;1;9
0,517;8;1;10
0,496;8;1;11
0,585;8;1;12
0,785;8;1;13
0,719;8;1;14
1,423;8;1;15
2,848;8;1;16
2,813;8;1;17
2,941;8;1;18
2,555;8;1;19
2,098;8;1;20
1,914;8;1;21
1,468;8;1;22
1,291;8;1;23
1,83;8;1;24
2,379;8;2;1
3,862;8;2;2
3,035;8;2;3
2,835;8;2;4
2,56;8;2;5
1,369;8;2;6
1,357;8;2;7
0,995;8;2;8
0,529;8;2;9
0,645;8;2;10
0,601;8;2;11
1,363;8;2;12
1,566;8;2;13
1,927;8;2;14
2,256;8;2;15
1,768;8;2;16
2,06;8;2;17
2,069;8;2;18
1,626;8;2;19
1,251;8;2;20
1,214;8;2;21
1,012;8;2;22
1,241;8;2;23
0,974;8;2;24
1,763;8;3;1
2,884;8;3;2
2,838;8;3;3
2,772;8;3;4
2,076;8;3;5
0,675;8;3;6
0,801;8;3;7
0,479;8;3;8
0,496;8;3;9
0,485;8;3;10
0,361;8;3;11
0,495;8;3;12
0,533;8;3;13
0,518;8;3;14
0,622;8;3;15
2,328;8;3;16
1,821;8;3;17
1,541;8;3;18
0,916;8;3;19
0,912;8;3;20
0,895;8;3;21
1,554;8;3;22
1,666;8;3;23
1,373;8;3;24
1,112;8;4;1
2,156;8;4;2
2,693;8;4;3
2,605;8;4;4
2,646;8;4;5
1,949;8;4;6
0,865;8;4;7
0,551;8;4;8
0,58;8;4;9
0,595;8;4;10
0,649;8;4;11
0,558;8;4;12
2,569;8;4;13
2,855;8;4;14
3,788;8;4;15
3,235;8;4;16
0,922;8;4;17
0,356;8;4;18
0,44;8;4;19
0,375;8;4;20
0,385;8;4;21
0,415;8;4;22
0,414;8;4;23
0,396;8;4;24
0,448;8;5;1
0,408;8;5;2
0,393;8;5;3
0,41;8;5;4
0,404;8;5;5
0,401;8;5;6
0,398;8;5;7
0,425;8;5;8
0,347;8;5;9
0,412;8;5;10
0,375;8;5;11
0,359;8;5;12
0,613;8;5;13
1,233;8;5;14
1,041;8;5;15
0,373;8;5;16
0,416;8;5;17
0,356;8;5;18
0,395;8;5;19
0,386;8;5;20
0,372;8;5;21
0,387;8;5;22
0,47;8;5;23
0,39;8;5;24
0,421;8;6;1
0,426;8;6;2
0,4;8;6;3
0,417;8;6;4
0,424;8;6;5
0,38;8;6;6
0,416;8;6;7
0,401;8;6;8
0,357;8;6;9
0,39;8;6;10
0,372;8;6;11
0,392;8;6;12
0,36;8;6;13
0,417;8;6;14
0,426;8;6;15
0,5;8;6;16
1,297;8;6;17
0,981;8;6;18
0,421;8;6;19
0,371;8;6;20
0,41;8;6;21
0,362;8;6;22
0,468;8;6;23
0,363;8;6;24
0,488;8;7;1
0,411;8;7;2
0,476;8;7;3
0,384;8;7;4
0,501;8;7;5
0,371;8;7;6
0,47;8;7;7
0,46;8;7;8
0,38;8;7;9
0,424;8;7;10
0,389;8;7;11
0,442;8;7;12
0,379;8;7;13
0,478;8;7;14
0,377;8;7;15
0,426;8;7;16
0,451;8;7;17
0,376;8;7;18
0,43;8;7;19
0,454;8;7;20
0,368;8;7;21
0,455;8;7;22
0,426;8;7;23
0,483;8;7;24
0,726;8;8;1
1,3;8;8;2
1,017;8;8;3
0,437;8;8;4
0,427;8;8;5
0,414;8;8;6
0,431;8;8;7
0,408;8;8;8
0,381;8;8;9
0,404;8;8;10
0,399;8;8;11
0,395;8;8;12
0,399;8;8;13
0,427;8;8;14
0,381;8;8;15
0,402;8;8;16
0,451;8;8;17
0,393;8;8;18
0,425;8;8;19
0,419;8;8;20
0,334;8;8;21
0,511;8;8;22
0,379;8;8;23
0,521;8;8;24
0,452;8;9;1
0,434;8;9;2
0,446;8;9;3
0,42;8;9;4
0,426;8;9;5
0,427;8;9;6
0,434;8;9;7
0,364;8;9;8
0,429;8;9;9
0,375;8;9;10
0,401;8;9;11
0,468;8;9;12
0,385;8;9;13
0,422;8;9;14
2,07;8;9;15
2,356;8;9;16
2,471;8;9;17
1,966;8;9;18
1,775;8;9;19
2,014;8;9;20
2,074;8;9;21
1,966;8;9;22
2,035;8;9;23
1,492;8;9;24
0,699;8;10;1
0,507;8;10;2
0,904;8;10;3
0,868;8;10;4
0,884;8;10;5
0,813;8;10;6
0,827;8;10;7
0,576;8;10;8
0,596;8;10;9
0,619;8;10;10
0,425;8;10;11
0,517;8;10;12
1,047;8;10;13
1,071;8;10;14
1,215;8;10;15
1,623;8;10;16
1,939;8;10;17
1,937;8;10;18
2,616;8;10;19
2,824;8;10;20
2,708;8;10;21
2,572;8;10;22
1,867;8;10;23
2,357;8;10;24
2,041;8;11;1
1,243;8;11;2
0,977;8;11;3
0,782;8;11;4
0,686;8;11;5
0,584;8;11;6
0,478;8;11;7
0,447;8;11;8
0,416;8;11;9
0,474;8;11;10
0,554;8;11;11
0,616;8;11;12
0,684;8;11;13
0,709;8;11;14
0,896;8;11;15
1,004;8;11;16
1,636;8;11;17
2,047;8;11;18
2,15;8;11;19
3,233;8;11;20
3,008;8;11;21
3,193;8;11;22
2,79;8;11;23
1,963;8;11;24
1,839;8;12;1
1,069;8;12;2
0,876;8;12;3
0,665;8;12;4
0,68;8;12;5
0,521;8;12;6
0,605;8;12;7
0,494;8;12;8
0,53;8;12;9
0,642;8;12;10
0,535;8;12;11
0,801;8;12;12
0,781;8;12;13
0,895;8;12;14
0,978;8;12;15
1,839;8;12;16
2,18;8;12;17
1,999;8;12;18
2,023;8;12;19
2,777;8;12;20
2,666;8;12;21
2,611;8;12;22
1,96;8;12;23
1,526;8;12;24
1,196;8;13;1
1,154;8;13;2
0,985;8;13;3
1,023;8;13;4
0,775;8;13;5
0,73;8;13;6
0,561;8;13;7
0,597;8;13;8
0,551;8;13;9
0,526;8;13;10
0,634;8;13;11
0,561;8;13;12
0,722;8;13;13
0,93;8;13;14
1,17;8;13;15
3,347;8;13;16
3,86;8;13;17
2,779;8;13;18
2,056;8;13;19
1,246;8;13;20
1,173;8;13;21
1,61;8;13;22
2,095;8;13;23
1,937;8;13;24
1,902;8;14;1
2,467;8;14;2
3,847;8;14;3
3,761;8;14;4
3,665;8;14;5
2,914;8;14;6
1,643;8;14;7
0,995;8;14;8
0,644;8;14;9
0,564;8;14;10
0,526;8;14;11
0,606;8;14;12
0,524;8;14;13
0,699;8;14;14
1,657;8;14;15
1,728;8;14;16
1,672;8;14;17
1,84;8;14;18
1,955;8;14;19
1,338;8;14;20
1,295;8;14;21
1,354;8;14;22
2,383;8;14;23
1,78;8;14;24
2,15;8;15;1
2,683;8;15;2
2,934;8;15;3
2,943;8;15;4
2,838;8;15;5
2,261;8;15;6
0,761;8;15;7
0,484;8;15;8
0,474;8;15;9
0,534;8;15;10
0,547;8;15;11
0,686;8;15;12
0,573;8;15;13
1,7;8;15;14
2,618;8;15;15
2,038;8;15;16
1,941;8;15;17
1,991;8;15;18
1,926;8;15;19
1,916;8;15;20
1,707;8;15;21
2,614;8;15;22
3,198;8;15;23
2,328;8;15;24
1,859;8;16;1
0,889;8;16;2
0,659;8;16;3
0,664;8;16;4
0,542;8;16;5
0,579;8;16;6
0,71;8;16;7
0,484;8;16;8
0,521;8;16;9
0,842;8;16;10
0,453;8;16;11
0,622;8;16;12
0,739;8;16;13
0,801;8;16;14
1,107;8;16;15
0,937;8;16;16
1,11;8;16;17
1,289;8;16;18
1,224;8;16;19
1,178;8;16;20
1,178;8;16;21
1,698;8;16;22
1,126;8;16;23
1,334;8;16;24
0,968;8;17;1
1,867;8;17;2
2,913;8;17;3
2,873;8;17;4
2,729;8;17;5
2,164;8;17;6
0,499;8;17;7
0,48;8;17;8
0,413;8;17;9
0,534;8;17;10
0,565;8;17;11
0,686;8;17;12
0,735;8;17;13
0,697;8;17;14
0,86;8;17;15
1,123;8;17;16
3,262;8;17;17
2,104;8;17;18
2,059;8;17;19
1,753;8;17;20
1,938;8;17;21
2,683;8;17;22
1,049;8;17;23
1,17;8;17;24
0,997;8;18;1
1,905;8;18;2
2,81;8;18;3
2,855;8;18;4
2,784;8;18;5
2,12;8;18;6
0,91;8;18;7
0,485;8;18;8
0,426;8;18;9
0,517;8;18;10
0,387;8;18;11
0,512;8;18;12
0,53;8;18;13
0,655;8;18;14
0,984;8;18;15
1,018;8;18;16
0,969;8;18;17
1,131;8;18;18
1,415;8;18;19
1,777;8;18;20
1,737;8;18;21
1,11;8;18;22
0,764;8;18;23
0,82;8;18;24
1,372;8;19;1
2,808;8;19;2
2,792;8;19;3
2,751;8;19;4
2,486;8;19;5
0,992;8;19;6
0,514;8;19;7
0,437;8;19;8
0,406;8;19;9
0,429;8;19;10
0,677;8;19;11
0,66;8;19;12
0,995;8;19;13
0,9;8;19;14
2,158;8;19;15
2,901;8;19;16
2,803;8;19;17
2,337;8;19;18
1,134;8;19;19
1,095;8;19;20
1,575;8;19;21
1,887;8;19;22
1,274;8;19;23
1,694;8;19;24
2,492;8;20;1
1,987;8;20;2
0,87;8;20;3
0,55;8;20;4
0,585;8;20;5
0,494;8;20;6
0,5;8;20;7
0,477;8;20;8
0,503;8;20;9
0,403;8;20;10
0,731;8;20;11
0,798;8;20;12
0,856;8;20;13
1,529;8;20;14
2,198;8;20;15
4,082;8;20;16
3,218;8;20;17
3,203;8;20;18
2,309;8;20;19
1,935;8;20;20
1,808;8;20;21
1,672;8;20;22
1,462;8;20;23
1,021;8;20;24
1,009;8;21;1
1,574;8;21;2
2,839;8;21;3
2,903;8;21;4
2,745;8;21;5
2,647;8;21;6
0,728;8;21;7
0,727;8;21;8
1,226;8;21;9
1,355;8;21;10
1,2;8;21;11
0,951;8;21;12
3,095;8;21;13
1,222;8;21;14
3,937;8;21;15
3,236;8;21;16
3,341;8;21;17
3,292;8;21;18
2,743;8;21;19
2,878;8;21;20
2,746;8;21;21
2,918;8;21;22
3,053;8;21;23
2,548;8;21;24
2,254;8;22;1
2,519;8;22;2
3,022;8;22;3
3,051;8;22;4
2,88;8;22;5
2,546;8;22;6
0,723;8;22;7
0,849;8;22;8
0,605;8;22;9
1,236;8;22;10
1,594;8;22;11
0,807;8;22;12
2,133;8;22;13
1,969;8;22;14
1,793;8;22;15
1,891;8;22;16
2,009;8;22;17
2,86;8;22;18
4,888;8;22;19
2,821;8;22;20
2,737;8;22;21
2,681;8;22;22
1,83;8;22;23
1,158;8;22;24
1,108;8;23;1
1,64;8;23;2
3,125;8;23;3
2,961;8;23;4
2,863;8;23;5
2,527;8;23;6
0,717;8;23;7
0,793;8;23;8
0,472;8;23;9
0,644;8;23;10
0,768;8;23;11
0,724;8;23;12
0,995;8;23;13
3,671;8;23;14
3,388;8;23;15
3,212;8;23;16
3,922;8;23;17
3,686;8;23;18
2,941;8;23;19
2,119;8;23;20
2,991;8;23;21
4,012;8;23;22
2,874;8;23;23
1,851;8;23;24
1,179;8;24;1
1,727;8;24;2
3,114;8;24;3
2,857;8;24;4
2,89;8;24;5
2,612;8;24;6
0,763;8;24;7
0,625;8;24;8
1,282;8;24;9
0,96;8;24;10
0,958;8;24;11
0,751;8;24;12
0,982;8;24;13
1,882;8;24;14
2,171;8;24;15
1,314;8;24;16
1,127;8;24;17
1,381;8;24;18
2,003;8;24;19
2,021;8;24;20
2,026;8;24;21
2,866;8;24;22
1,779;8;24;23
1,327;8;24;24
1,097;8;25;1
0,982;8;25;2
1,367;8;25;3
1,166;8;25;4
0,647;8;25;5
0,635;8;25;6
0,6;8;25;7
0,531;8;25;8
0,521;8;25;9
0,522;8;25;10
0,595;8;25;11
0,842;8;25;12
0,948;8;25;13
0,933;8;25;14
1,82;8;25;15
1,843;8;25;16
1,933;8;25;17
1,869;8;25;18
2,01;8;25;19
1,723;8;25;20
1,507;8;25;21
0,988;8;25;22
0,913;8;25;23
0,993;8;25;24
1,05;8;26;1
0,946;8;26;2
0,979;8;26;3
0,646;8;26;4
0,703;8;26;5
0,574;8;26;6
0,651;8;26;7
0,557;8;26;8
0,531;8;26;9
0,575;8;26;10
0,503;8;26;11
0,597;8;26;12
0,532;8;26;13
0,592;8;26;14
0,727;8;26;15
1,73;8;26;16
1,968;8;26;17
2,094;8;26;18
2,223;8;26;19
1,958;8;26;20
1,646;8;26;21
1,218;8;26;22
1,228;8;26;23
0,873;8;26;24
0,776;8;27;1
0,772;8;27;2
0,528;8;27;3
0,597;8;27;4
0,462;8;27;5
0,475;8;27;6
0,508;8;27;7
0,419;8;27;8
0,509;8;27;9
0,438;8;27;10
0,447;8;27;11
0,412;8;27;12
0,393;8;27;13
0,59;8;27;14
1,255;8;27;15
0,661;8;27;16
0,625;8;27;17
0,612;8;27;18
0,553;8;27;19
0,586;8;27;20
0,558;8;27;21
0,864;8;27;22
1,08;8;27;23
1,096;8;27;24
0,584;8;28;1
0,512;8;28;2
1,469;8;28;3
2,695;8;28;4
2,632;8;28;5
2,613;8;28;6
1,914;8;28;7
0,377;8;28;8
0,554;8;28;9
0,958;8;28;10
0,829;8;28;11
0,655;8;28;12
0,625;8;28;13
0,886;8;28;14
0,745;8;28;15
0,694;8;28;16
0,662;8;28;17
1,074;8;28;18
1,035;8;28;19
1,693;8;28;20
2,4;8;28;21
1,355;8;28;22
1,151;8;28;23
0,758;8;28;24
1,27;8;29;1
2,767;8;29;2
2,76;8;29;3
2,539;8;29;4
0,775;8;29;5
0,651;8;29;6
2,415;8;29;7
2,664;8;29;8
2,591;8;29;9
2,597;8;29;10
0,802;8;29;11
0,358;8;29;12
0,519;8;29;13
0,53;8;29;14
0,581;8;29;15
0,679;8;29;16
0,467;8;29;17
0,481;8;29;18
0,453;8;29;19
0,434;8;29;20
0,526;8;29;21
0,739;8;29;22
0,708;8;29;23
0,51;8;29;24
0,554;8;30;1
0,468;8;30;2
0,497;8;30;3
0,433;8;30;4
0,321;8;30;5
0,424;8;30;6
0,743;8;30;7
0,332;8;30;8
0,372;8;30;9
0,387;8;30;10
0,409;8;30;11
0,6;8;30;12
0,465;8;30;13
0,55;8;30;14
1,452;8;30;15
1,506;8;30;16
1,469;8;30;17
1,525;8;30;18
1,344;8;30;19
0,588;8;30;20
0,55;8;30;21
0,783;8;30;22
0,677;8;30;23
0,419;8;30;24
0,392;8;31;1
0,415;8;31;2
0,418;8;31;3
0,372;8;31;4
1,36;8;31;5
2,735;8;31;6
2,602;8;31;7
2,616;8;31;8
1,662;8;31;9
0,364;8;31;10
0,423;8;31;11
0,423;8;31;12
0,336;8;31;13
0,57;8;31;14
1,266;8;31;15
0,956;8;31;16
1,292;8;31;17
1,344;8;31;18
1,263;8;31;19
1,163;8;31;20
0,502;8;31;21
1,27;8;31;22
0,656;8;31;23
0,579;8;31;24
0,48;9;1;1
0,52;9;1;2
0,533;9;1;3
0,559;9;1;4
0,397;9;1;5
0,47;9;1;6
0,678;9;1;7
0,391;9;1;8
0,345;9;1;9
0,416;9;1;10
0,406;9;1;11
0,45;9;1;12
0,477;9;1;13
0,926;9;1;14
0,802;9;1;15
0,714;9;1;16
1,378;9;1;17
1,491;9;1;18
1,444;9;1;19
0,795;9;1;20
0,846;9;1;21
1,368;9;1;22
0,786;9;1;23
0,777;9;1;24
1,233;9;2;1
2,802;9;2;2
2,618;9;2;3
0,583;9;2;4
0,399;9;2;5
0,416;9;2;6
0,359;9;2;7
0,432;9;2;8
0,299;9;2;9
0,396;9;2;10
0,425;9;2;11
0,408;9;2;12
0,515;9;2;13
0,425;9;2;14
0,403;9;2;15
0,414;9;2;16
0,55;9;2;17
0,535;9;2;18
0,512;9;2;19
0,617;9;2;20
1,56;9;2;21
3,532;9;2;22
1,005;9;2;23
0,395;9;2;24
0,448;9;3;1
0,462;9;3;2
0,389;9;3;3
2,144;9;3;4
2,601;9;3;5
2,608;9;3;6
2,616;9;3;7
0,978;9;3;8
0,38;9;3;9
0,429;9;3;10
0,382;9;3;11
0,221;9;3;12
0,326;9;3;13
0,25;9;3;14
1,112;9;3;15
0,62;9;3;16
0,519;9;3;17
0,457;9;3;18
0,503;9;3;19
0,537;9;3;20
0,547;9;3;21
0,657;9;3;22
0,555;9;3;23
0,525;9;3;24
0,412;9;4;1
1,218;9;4;2
2,679;9;4;3
2,653;9;4;4
2,628;9;4;5
1,627;9;4;6
0,294;9;4;7
0,257;9;4;8
0,19;9;4;9
0,299;9;4;10
0,331;9;4;11
0,372;9;4;12
0,445;9;4;13
0,355;9;4;14
0,49;9;4;15
0,368;9;4;16
0,482;9;4;17
0,464;9;4;18
0,438;9;4;19
0,479;9;4;20
0,381;9;4;21
0,331;9;4;22
0,836;9;4;23
0,633;9;4;24
0,605;9;5;1
0,366;9;5;2
0,368;9;5;3
0,344;9;5;4
0,266;9;5;5
0,279;9;5;6
0,294;9;5;7
0,301;9;5;8
0,402;9;5;9
0,596;9;5;10
0,883;9;5;11
1,454;9;5;12
0,689;9;5;13
1,814;9;5;14
1,839;9;5;15
1,508;9;5;16
1,499;9;5;17
1,417;9;5;18
1,277;9;5;19
1,45;9;5;20
2,894;9;5;21
2,036;9;5;22
0,82;9;5;23
1,552;9;5;24
1,512;9;6;1
2,056;9;6;2
2,874;9;6;3
2,786;9;6;4
2,668;9;6;5
2,13;9;6;6
0,463;9;6;7
0,442;9;6;8
0,448;9;6;9
0,348;9;6;10
0,514;9;6;11
0,435;9;6;12
0,568;9;6;13
0,585;9;6;14
0,667;9;6;15
0,565;9;6;16
0,566;9;6;17
0,592;9;6;18
0,588;9;6;19
1,34;9;6;20
2,526;9;6;21
0,744;9;6;22
0,934;9;6;23
2,028;9;6;24
0,917;9;7;1
1,389;9;7;2
2,719;9;7;3
2,713;9;7;4
2,668;9;7;5
1,986;9;7;6
0,572;9;7;7
0,406;9;7;8
0,639;9;7;9
0,697;9;7;10
0,887;9;7;11
1,02;9;7;12
0,489;9;7;13
0,571;9;7;14
0,606;9;7;15
0,532;9;7;16
0,604;9;7;17
0,506;9;7;18
0,468;9;7;19
0,371;9;7;20
1,408;9;7;21
1,267;9;7;22
0,745;9;7;23
0,712;9;7;24
0,541;9;8;1
1,42;9;8;2
2,672;9;8;3
2,682;9;8;4
2,649;9;8;5
1,832;9;8;6
0,965;9;8;7
0,917;9;8;8
0,51;9;8;9
0,35;9;8;10
0,466;9;8;11
0,822;9;8;12
0,494;9;8;13
0,471;9;8;14
0,511;9;8;15
1,564;9;8;16
2,617;9;8;17
2,497;9;8;18
2,624;9;8;19
2,703;9;8;20
1,631;9;8;21
1,133;9;8;22
2,012;9;8;23
1,54;9;8;24
1,495;9;9;1
1,302;9;9;2
0,567;9;9;3
0,505;9;9;4
0,411;9;9;5
0,343;9;9;6
0,408;9;9;7
0,327;9;9;8
0,501;9;9;9
0,437;9;9;10
0,495;9;9;11
0,473;9;9;12
0,463;9;9;13
1,694;9;9;14
1,42;9;9;15
1,144;9;9;16
1,22;9;9;17
0,6;9;9;18
0,533;9;9;19
0,557;9;9;20
1,087;9;9;21
1,389;9;9;22
0,839;9;9;23
1,026;9;9;24
1,089;9;10;1
0,474;9;10;2
0,485;9;10;3
1,284;9;10;4
2,749;9;10;5
2,591;9;10;6
2,696;9;10;7
1,835;9;10;8
0,359;9;10;9
0,43;9;10;10
0,936;9;10;11
0,74;9;10;12
0,546;9;10;13
0,988;9;10;14
1,302;9;10;15
1,279;9;10;16
1,197;9;10;17
1,318;9;10;18
1,159;9;10;19
1,324;9;10;20
1,15;9;10;21
1,28;9;10;22
0,674;9;10;23
0,752;9;10;24
0,5;9;11;1
1,325;9;11;2
2,683;9;11;3
2,633;9;11;4
2,603;9;11;5
1,351;9;11;6
0,389;9;11;7
0,449;9;11;8
0,386;9;11;9
0,46;9;11;10
0,41;9;11;11
0,409;9;11;12
0,46;9;11;13
0,823;9;11;14
0,519;9;11;15
0,478;9;11;16
0,544;9;11;17
0,474;9;11;18
0,493;9;11;19
0,529;9;11;20
0,625;9;11;21
1,362;9;11;22
0,788;9;11;23
1,099;9;11;24
0,66;9;12;1
1,433;9;12;2
2,635;9;12;3
2,72;9;12;4
2,614;9;12;5
2,043;9;12;6
0,479;9;12;7
0,552;9;12;8
0,911;9;12;9
0,604;9;12;10
0,435;9;12;11
0,428;9;12;12
0,388;9;12;13
0,46;9;12;14
0,565;9;12;15
0,725;9;12;16
0,559;9;12;17
0,471;9;12;18
0,497;9;12;19
0,468;9;12;20
0,662;9;12;21
1,109;9;12;22
1,376;9;12;23
0,972;9;12;24
0,617;9;13;1
1,278;9;13;2
2,709;9;13;3
2,62;9;13;4
2,652;9;13;5
1,847;9;13;6
0,935;9;13;7
0,918;9;13;8
0,421;9;13;9
0,504;9;13;10
0,472;9;13;11
0,417;9;13;12
0,353;9;13;13
0,813;9;13;14
0,468;9;13;15
0,512;9;13;16
0,695;9;13;17
0,539;9;13;18
0,54;9;13;19
0,597;9;13;20
0,604;9;13;21
2,062;9;13;22
0,889;9;13;23
0,739;9;13;24
0,473;9;14;1
1,422;9;14;2
2,69;9;14;3
2,727;9;14;4
2,708;9;14;5
1,709;9;14;6
0,495;9;14;7
0,38;9;14;8
0,389;9;14;9
0,385;9;14;10
0,392;9;14;11
1,014;9;14;12
1,104;9;14;13
0,598;9;14;14
0,682;9;14;15
0,619;9;14;16
0,44;9;14;17
0,494;9;14;18
0,148;9;14;19
0,243;9;14;20
1,016;9;14;21
1,41;9;14;22
0,633;9;14;23
0,569;9;14;24
